case_id,original_shape_Elongation,original_shape_MajorAxisLength,original_firstorder_10Percentile,original_firstorder_Energy,original_glcm_Idn,original_glcm_SumSquares,original_gldm_LargeDependenceHighGrayLevelEmphasis,original_gldm_SmallDependenceLowGrayLevelEmphasis,original_glrlm_ShortRunHighGrayLevelEmphasis,original_glszm_LargeAreaLowGrayLevelEmphasis,original_glszm_SmallAreaEmphasis,original_glszm_ZoneEntropy,original_ngtdm_Coarseness,original_ngtdm_Complexity,original_ngtdm_Strength
Case001,0.25582488323991776,2.34670313924118,0.40301288413169756,-0.07586784436177013,1.5678831027502376,-0.5328455061991108,0.3068899180975851,-0.7236733766251878,-0.2978930001366136,0.013128793955140454,-0.9492732221303187,-0.6935226265690517,-0.8400178691229037,-0.21020589846628485,-0.7156900405483558
Case003,-0.9347531502854197,0.19441140521628827,0.8507107059248754,-0.0707082302538896,0.8497774439766541,-0.2073721062890764,0.5575558723524886,-0.4001308680906834,0.2349027272403449,-0.2668376161161516,0.45432845653337095,-0.3176874106498276,-0.12465209107199364,-0.1150723785632279,0.4284055204104355
Case004,0.6568868546762872,-0.41406779666373905,0.3997064009574496,0.028547241594417412,0.2184996687512546,-0.0035439003922857083,0.19701075965286483,-0.8117390488212446,0.10572348411064685,-0.25462321964301554,0.3410601819760941,0.7075180569132874,-0.6794492011298086,-0.046884787115738034,-0.14951246529465625
Case005,-1.1099735256841792,-0.37399577378106985,0.806403831389952,-0.17773707934813907,1.0351408089637086,-0.3438309572311823,0.3430920590654323,-1.001088787129132,0.01279290224288451,-0.2228314466677003,-0.3559909971654248,-0.25511097177700964,0.824226762967989,-0.1801679020849929,0.4111710971089087
Case007,-1.5284223018340313,1.6144991231798307,-0.43683384212729126,-0.09936804471425179,-0.3702041535364738,0.3800040341549701,-0.11647056319892916,-0.3610973977458802,0.000291652805558317,-0.2677193276112645,0.31050669335587566,0.984649126588442,-0.2775514135774372,-0.10305912200157918,-0.13772905007439168
Case008,-0.10919457427347155,-0.6023270077298575,-0.27812264976338785,-0.30934855433583486,0.14790812176794546,-0.5865359359204557,-0.5136417682157882,0.04496762255568541,-0.43037201235193884,0.015007139895005614,-0.7281668640341782,-2.0476974659470364,1.0023497547255116,-0.24932136399536176,-0.585052345825637
Case010,-0.8871218807900851,-0.5543397610161519,0.2370274287844488,-0.29647034490153934,-1.4420250629364588,0.17670114568875464,-0.6639510091879279,0.35530709530571974,0.04351417553624052,-0.28147087535526644,1.9738522000335619,-1.1242197673173708,2.4981916927861647,-0.06332620480791226,1.3474007452115724
Case011,-1.174763419390721,1.3416642193461912,0.43442447428705344,-0.08467212768934743,0.9108581702629022,-0.2038878221014116,0.0923405960849328,-0.6668662312050132,-0.0023326495132636772,-0.2652499567996056,-0.45947578735480604,0.4188763427622256,-0.3257002766734577,-0.12274565201610431,0.018453181947353632
Case012,1.235004253161538,0.44923053654564,0.46484411949013504,0.1494405078957694,0.11605189321358393,0.12857345687411129,-0.1106484906272457,-0.9652375933811472,0.1574153938088293,-0.2923384748466935,0.6231319483289885,0.9421262164065447,-0.8030081710206685,-0.0011059575537631554,-0.2926909355294479
Case014,-0.5634730853057309,1.2628098335846132,-0.16900870501320428,-0.1321711648942128,-0.2729131117939221,-0.020474235779891815,-0.02279229850547888,-0.13227013424117165,-0.07942736503724664,-0.24804440712120185,0.17663055232124286,0.3764713277718238,-0.20579157313810598,-0.15222742010218934,-0.3165821449920701
Case016,-0.055604031489541766,-0.7045567480267519,-0.8732896211280257,-0.308292069853544,-1.3213797837021586,-0.41947336852896683,-0.8632818529884928,1.0406457909234987,-0.4684942642400803,-0.13425497987931417,-0.6555476535075002,-0.987228245671427,0.23171279100661055,-0.23617689520579777,-0.8153841788963001
Case017,-0.7800018228867671,-0.7152014613489425,-0.782361333836206,-0.2732308822320542,-0.8050274965830833,0.2500973767787892,-0.7479363323110484,0.3165742449579535,-0.22827117914352035,-0.22989830335977351,0.3942824200881203,0.30909548638420115,0.8028626806176846,-0.13879580683267326,0.21027812347835906
Case018,-0.6727636241608959,-1.0894123708897907,0.14180071336610653,-0.25244471159895043,-1.645419382593073,-0.06464904579174859,-0.4676017345525499,0.8585267598951791,-0.10109923242732916,-0.22128136304068402,0.4028152519257728,-0.37750521937080395,0.29701360251806797,-0.07793731597115516,0.10406890933960042
Case019,-1.1471369817693426,0.05332364593755583,0.18908342275785261,-0.195141144618174,-0.13928583383472395,-0.17617785427609137,-0.1813712718397452,0.016303955126322094,0.0018827857665911453,-0.2631981680955222,0.6442081600289814,-0.29956160176305824,0.5890567892314615,-0.1399373501335025,0.45071605131546294
Case020,-1.0529328984898383,0.8385270457265747,-0.4566727411727792,-0.22326481392617514,-0.6176198703168082,-0.4281916866468447,-0.5696436483300554,0.17214421358418044,-0.395234986233438,-0.1394045631896754,-0.8533678495276112,-0.5855389170730095,-0.7146492094085097,-0.21388599831209318,-0.9151969538125366
Case021,1.0823763363919041,-0.7655675401482847,0.2155352881518365,-0.08766881995727069,-1.0598358787947353,-0.24958273374550644,-0.1764033461527016,-0.5802836863140282,-0.11579445360882352,-0.2638208967523407,-0.38884615612949003,-0.0326340916339451,-0.8739780590150412,-0.1300495082038447,-0.6544840992298578
Case022,-0.38032858512136036,-0.25256272049147915,-0.9738067096251644,-0.32619776014849666,-1.0507985112962783,-0.2699188337516008,-1.129598299108522,4.0080347029882715,-0.45571872324830914,-0.14011191304419673,0.5323629814413157,-1.2836980555864181,1.2431118521912934,-0.2114364352288842,-0.3182526557663503
Case023,-0.9537562245135714,0.6472046912858856,-1.0495251743154432,-0.2649107744958716,-1.211736182321079,0.7690595540406837,-0.9800240038242768,2.0646854765814977,-0.1844377109412392,-0.19527137566837566,1.6454740441110198,0.3067849318023783,1.2140871017039307,-0.03689279471108946,1.0409650204933045
Case025,-1.5483638476746482,0.8573364190912404,-0.6352228325821705,-0.2272951126114347,-0.5545468787084411,0.3104054655023851,-0.7152123171783994,0.258920744604683,-0.0799383855669568,-0.26527133533848396,1.2272226514717757,0.31419167002927606,0.49518304965871607,-0.07615602938079045,0.43398012325626606
Case026,1.5265085658739175,2.8369517499092116,0.6741445044200325,1.104613097891944,1.4685148542533377,-0.12989212887746784,2.5052810777987853,-1.264094744298707,0.26167280142184407,-0.2144987814120378,0.014947651926770627,1.0531243831206665,-1.4583970917236988,-0.043509563000245534,-0.7559363331775416
Case027,0.8914764142420297,0.8201488729997068,0.20131741050257032,-0.025211074444366027,-0.8214401983549142,0.1074076797009084,-0.415011214434286,-0.5054469465331134,0.06460845089030615,-0.2853190565610983,0.7700137642806464,0.4114278749058265,-0.5884288281192621,-0.06987674840225787,-0.3211746751858547
Case028,-0.5651953072120551,2.91355281844515,0.3104313552527539,0.08522263856249054,0.445868149442321,0.5796946438685574,-0.3233616298609038,-0.6496272782118987,0.23955048899096934,-0.29028628611426066,1.384751987482995,0.926316250794098,-0.6368641162369633,0.1724142585172039,0.28788642512051354
Case030,1.5588387386103528,0.5045367271074446,-0.016910478997796855,0.1223422135178668,1.3404922622586972,-0.4822737238991389,1.1248306890073805,-1.0482628296615863,-0.27805446178525434,0.6234501429489604,-0.6845311363259503,-0.19752597752152895,-1.2716418428398548,-0.21063139152419785,-0.9329668201722955
Case031,-0.017838513137571576,-0.12784456986444068,0.6080148409350727,-0.05459967289753399,-0.18344848446282097,-0.09344254505805241,1.0947641907740895,-0.07739866885254301,0.08777656639599914,-0.24529136011155578,-0.11280721724995887,-0.02663754901794607,-0.5596892433315844,-0.09355953369170207,-0.10988895424252239
Case032,-0.35801213095076606,0.4110737617391917,-0.7972405081203219,-0.26202356794339393,0.04244056272090347,-0.5303302809793995,-0.3433823989596746,-0.11182143178387918,-0.46753534331577373,0.5037275808586834,-0.7608733629347599,-1.1906551075353038,-0.7085814497143644,-0.23999993979134,-0.9888227691449232
Case033,-1.1655904778384185,0.9207826686954971,-0.5783513219851052,-0.2320494937101843,0.12169714378659674,-0.3866662354117179,-0.47396785212635856,1.056565301923753,-0.41798914204775134,0.03958514715753493,-0.6194060037294827,-0.5204177444915563,-0.49927276079885635,-0.21367047842479742,-0.8141055704403984
Case035,0.9746867241646678,0.9570395991895349,7.637598069386295,10.166710782764593,0.5476058044711057,6.888424365004288,4.82993240649165,-1.54453344329178,8.66762045324298,-0.31690392400570083,3.4260233136923577,3.6397870486926993,-1.2707567161529896,8.132578892568489,3.9486828318312575
Case036,0.06486722179406533,-1.5640715596132635,0.5990873363646031,-0.26335987191446125,-0.05946891626446606,-0.4214648599603303,-0.7166148060764604,0.32164921661728735,-0.28988163792493116,-0.23429651513512387,-0.6491237533309626,-0.7698891056262867,1.8579184008957716,-0.19557800370576656,0.24702263169269792
Case037,0.023603489130252838,-1.355693885715495,-0.38888983610069544,-0.22652961655286658,-2.2246912773152094,0.6549125196469565,-0.5915655474294321,0.20868507132552094,-0.07336390516096085,-0.2575145946235813,0.8642936417058648,0.5218617631736922,0.5515676455559351,-0.003585225307264377,0.5895827645385754
Case039,-0.3648139146192194,1.244323471206643,-0.7750870708528602,-0.3014882213096337,0.47085251691809954,-0.5158544169054157,-1.006206434571465,1.1721762729548901,-0.5073949693215779,-0.0019019956527118146,-1.4844070515312844,-0.8741129507306846,-0.041979813506677906,-0.24230728633206264,-0.8360017003428074
Case040,-1.5270977399764982,-0.8683212675536167,-0.16636351847380568,-0.24565804129456054,-0.773865551798491,0.19421422662625795,-0.37195847907637125,0.1695452700185702,-0.032086407509765005,-0.2064834115694544,0.7255330634938872,-0.10472784479300136,1.2184545223954573,-0.11862649144476886,0.7291214312181072
Case042,-0.27397241141838424,0.19325961798297644,0.9055983266173917,-0.01903938597370828,0.5811972304865534,-0.027599388102764275,0.8409984155527431,-0.771686560805289,0.2910147352920854,-0.28310437136976707,0.020967657381643905,0.3829060555833468,-0.22634476041869092,-0.06992087822755987,0.2442834402250288
Case043,-0.30194621832502494,-0.5968958578631324,5.496319565743298,5.696480525967585,-0.5466364641805291,10.598681799841073,5.741735867674778,-1.0142852550076291,9.222929220646908,-0.30990191621736096,3.338596684872401,4.467041081992975,-0.9871082193309729,11.521996095605628,7.817916460429021
Case044,-0.5777195070504642,0.5620665308699068,0.0941873556569356,-0.10755889744144728,-1.2627500056858971,0.2717679466403649,-0.4727832308171936,-0.5201021761927428,0.09739560273381721,-0.2867411749492588,0.8728894117124153,0.461383805143844,-0.3333567557781841,-0.0024473097970789644,-0.06085496731178544
Case045,2.281928658143262,-0.25615986605025304,0.4790619971394013,0.3349522732771787,0.3077726134894444,0.2926094623387014,2.0993881985514475,-0.41461394750139213,0.29566228653907234,-0.23677962630889682,0.5381409460556409,1.0379677240538296,-0.9808622505299653,-0.019195346547388747,-0.274825497716555
Case046,1.6001266905203109,0.050119290199788946,-1.068372128408657,-0.13433970697403272,1.0124984791980094,-0.42020883043145135,-0.6197389086083919,-0.19233937893837855,-0.4553609081461057,0.19447242238084883,-1.4694986184572367,0.48383573570013705,-1.2150329915770592,-0.23150540198794398,-1.0453683694748543
Case048,0.7782236212268574,1.909322158181407,0.287285973033018,0.2933585126188802,1.5675047951452141,-0.19028161546382544,0.35624565326033114,-1.0344608663378507,0.023544009157989543,-0.245224503704976,-0.1342628273086155,1.3419946044962454,-1.1822846685042645,0.013403499331131972,-0.2796259593894537
Case049,0.2097659736565917,-0.04292673318646842,-1.1708731068103444,-0.05288586120959809,0.5822695255768797,-0.3454017187443054,-0.6172929477325333,0.33915514809041114,-0.45774122143699114,0.3265971684618031,-1.5430620147477878,0.9484482317300913,-1.283686407490863,-0.234436519288239,-1.0928860900137987
Case050,0.23799248316205346,3.4832288560034432,0.7138223025110084,1.1497377145547758,1.9059766972564316,-0.32745807690925854,2.662246512988897,-1.315791195516641,0.13479897250251183,-0.03358375312473394,-0.2007335297104355,0.902388560006273,-1.5355072085998882,-0.05827856012361642,-0.8206953109497692
Case051,0.463915693594624,-0.30313313272811665,-0.7357399210793093,-0.04048002138168796,0.8898109169731883,-0.45711622865304946,-0.5258964751003268,-0.43288131806141855,-0.4231531909419925,0.08626175762993052,-1.5935276403019958,0.48689825529030945,-1.2793824004663898,-0.226108932921955,-1.0587316929058361
Case055,2.03892423448112,-0.5208401340755627,-0.8137729239915619,-0.2394751085065265,0.10140203201567265,-0.41595415362854365,-0.257492371950322,0.061427985250899916,-0.3991329444818692,0.11271835359253803,0.01295157913386313,-0.8825918615011762,-0.7990392555593236,-0.20057947371294585,-0.8281900213971207
Case057,2.0886466673676933,0.18377973557216928,0.8295492136096879,0.3658774406853404,0.7842010137350871,-0.2701117689699488,0.8700077922850705,-1.218240005887507,0.0909026303792649,-0.2626162258098532,-0.18043048430452757,0.5230462714965181,-1.1884453902105652,-0.09060427296305945,-0.654347193416188
Case058,-0.11485173897729316,0.8041716732384497,0.8709019278662128,-0.08863100194860084,-1.0897660080633431,0.20586965169860222,0.24608720207448823,-0.7496478580400469,0.28876085612562463,-0.2926050154380263,0.8552541427460171,0.2414684323250881,-0.07626450331201241,-0.017641986981506645,0.22987333432844678
Case059,-0.010553008876537949,-1.3602074978137912,-0.6249727347420017,-0.32420483820623475,-1.425880146788079,-0.14092002170101026,-0.6971863220317885,1.5289719946778249,-0.31545809865671987,-0.15488711843697042,0.4204162095885913,-0.9047429957652826,1.8281015847643491,-0.14552962274872194,0.3595457900010757
Case060,-0.3141177501486725,-0.8425103147654187,0.7072093361625124,-0.17574084925935834,0.007170530560430835,-0.1978030967301044,0.2601565355837741,-0.671917996732269,0.1844652520309932,-0.28644232950750925,0.6278827859991563,-0.6972724011840431,0.4682445076240789,-0.14222334467056666,0.21046164600323158
Case061,-0.16253052797174902,0.5055350860934109,-0.3541717627710916,-0.1940977059562774,1.3422810631271016,-0.5339055693342265,-0.01691392934310302,-0.3564293440844781,-0.4361180661529278,0.8354670722268139,-1.892279170713492,0.035648073452475004,-0.6649495503285628,-0.2378619131585244,-0.8403450471787399
Case062,-0.13171282663311282,0.03805664022210896,-0.6577069181670567,-0.2790992398451963,0.6499568395555256,-0.5057419659145881,-0.21688616199977268,-0.1724087712390989,-0.4313866553066574,0.00610898281448949,-1.6750307326687663,-0.4857173502524408,-0.29944851617262314,-0.23871711523865635,-0.7921672094237129
Case063,0.7522234533633102,-0.732020720471226,-1.1437599447815108,-0.33481277162612977,-1.99211973636448,-0.2156589059393745,-1.031652508698753,4.304343821448641,-0.44625969189219605,0.11106335577292539,-0.0015681810642704335,-1.182584714849731,1.9013054804015097,-0.2317266512704827,-0.3899430405132918
Case065,1.0054263180129612,0.7310800278577291,-0.5634721477009892,-0.2248326050044567,0.534732580616693,-0.41733511217681146,-0.19228782204068773,0.9940933715447182,-0.3688532564233771,0.07776063240105476,-0.06696558227834039,-0.479649263191309,-0.41898782488374225,-0.21711063071403117,-0.7411323754441304
Case066,0.6565376414781207,1.1886757575636158,0.23835002205414793,0.37818490105111846,0.6748212950200747,-0.01739805675641138,0.6962698398551168,-0.7184826007699183,0.09958768912584456,-0.26095636553557555,-0.08424080900029816,1.3206613154075844,-1.2252899795766723,-0.026332829686097115,-0.6280222447781331
Case069,0.8777244538961521,0.7130379395285394,1.077535451678287,0.6330951894297036,0.8864317046062441,-0.3577639678931281,1.355615305097619,-1.245819323283707,0.14968579324975215,-0.24966798099018872,-0.7701035935180562,0.24782368439736321,-1.3779031772731958,-0.11966220309277167,-0.7317114520336159
Case070,-1.5006515770700775,0.4953381159348161,-0.7562401167596468,-0.3134527327366142,-1.021238578913849,-0.4064294524334184,-1.0371389672077318,2.5552635552272727,-0.43686526243835383,-0.04958519583876121,0.06807008297111793,-1.5090010910325578,0.3443382929652655,-0.21530664362963153,-0.6287531264992169
Case071,-0.59731322089484,0.38683877603485306,0.9910766077621265,-0.1335248198262596,0.4294278121490378,-0.2248715674431101,0.27527206102423946,-0.7401962119110379,0.22166468487876897,-0.28634167920284964,0.26677912517692676,-0.7018231219465834,0.32412562467153105,-0.14541390192533415,0.4669614871219463
Case072,-1.0057723476507843,1.355760298213878,-0.9025149143170887,-0.26505694424360776,1.0966530063008422,-0.2548310965930073,-1.0642324372294483,0.7094716211307621,-0.4002565300035263,-0.16922405107117508,0.5365088257943726,-0.045279677579677005,-0.07631278001357643,-0.11859352074220775,0.4615409739575445
Case073,-0.4033871669130909,0.7179301310589113,0.09550994892663472,-0.0022313795372781225,-1.0066678880967859,0.20359181525098283,0.17165371525956102,-0.3291483204037296,0.08670838129712331,-0.22567337470011725,0.08901192851572316,0.9086717763530413,-0.8423776085443891,-0.02985055295769145,-0.47087336730473167
Case074,0.23228159725870362,-0.1504323149304481,-1.197986268839178,-0.24150361899653952,-1.209319129983644,0.26309699812742127,-0.8291913632402305,2.628144699809388,-0.33405279573882435,0.026555204880702257,-0.14107031530450945,0.5587815093452281,-0.02852841682218287,-0.17435080719790577,-0.456408854907123
Case075,0.5926099344184949,-2.262040086626764,-0.32771989737710766,-0.1249511677825627,1.1294806910644426,-0.40711431056194053,0.4573956072299485,-0.4662231248909641,-0.2979498253027038,-0.008462628325152887,-1.0999090079920109,0.23129555982373953,-0.4684735260523802,-0.22930987510143572,-0.7084234031273534
Case077,1.2272635869711062,0.7559881309524001,-0.7542562268550981,-0.1374835058154655,0.8592514175129362,0.8188974365525934,-0.9144321157623763,1.1087070819764533,-0.10227342915757402,-0.22210112146649055,1.5597931444781257,0.9600645623643042,-0.46381131565610134,0.42580329426534813,2.008377029875988
Case078,-0.028626884917927815,0.05562423311385709,-0.45468885126823033,-0.28097174150789406,0.7563642724591776,-0.5596754751161557,-0.5709560570043326,0.0840859845032181,-0.46546786119217803,0.06932231067477804,-1.3311484277644052,-1.0738657106308909,-0.10293427600083092,-0.233058497628671,-0.7307979829181992
Case079,0.9257668453487837,-1.3791783462401594,0.15535729438052337,-0.07730532352370965,-0.988464373992321,0.03833791814883518,0.03924823535175632,-0.3086020317097833,-0.09625374575736588,-0.24103999910566948,0.4203858006165281,0.21517841079604336,-0.48128529092820005,-0.12445726709449119,-0.41248131409043365
Case080,1.2163201597334186,1.034896925461594,0.3897869514347056,0.39905450568872414,0.6969129622252939,-0.2288769096800469,0.6794282355689406,-1.0551396593860796,-0.00839356192148104,-0.24911062408393173,-0.6934517822112618,0.9028896958367842,-1.3190301127654482,-0.11617725496549462,-0.8292947228910026
Case081,-0.46996806057340273,0.8338445861455016,-1.21121220153617,-0.18060744912066104,-1.3557884157076951,0.4111231138693618,-1.0760649270333178,1.022732181626248,-0.25014600649983354,-0.15682193184745383,1.4614642566714202,0.5988361783400907,-0.947209529454154,0.07500608774634644,-0.4675983744135098
Case083,0.5394799795920561,-0.15568937769382638,2.4566695836571224,2.9237409361529507,-0.7433624138371836,6.383395294583403,2.4471293182932077,-1.2645246697172254,3.93346957030309,-0.31231805125990597,2.9356506191907132,3.6745557450121855,-0.9978810858654253,3.83345778766781,3.0161544339312547
Case086,-0.3777840687395667,0.8475259193722371,-0.7711192910437629,-0.30551817232198886,0.4893584341762561,-0.5319416421785358,-0.6732539401105301,0.45612517503585825,-0.4695438962798109,0.08494454862841282,-1.3846662748291507,-0.7231109806556183,0.13816654814729093,-0.24320964983603965,-0.7469660208895661
Case088,0.8277072065445755,-0.2938331823167023,-0.12271794057373246,-0.07978732859061795,0.8946267177359128,0.022231270636238597,-0.5653305719385946,-0.14501023477097907,-0.220349386534658,-0.17389575525551243,-0.0339916192903001,1.0921210201201648,-0.5856917852524184,-0.08492284361725194,-0.08586028432338241
Case089,-0.5897203865057455,-1.042867426722375,-0.10618552470249251,-0.26747793009374227,-0.5732304530718952,-0.029728223474682607,-0.31150177226469905,0.24602629035112583,-0.08718205611548371,0.0023268125175023835,0.34184125718127095,-0.49958528997455587,1.4617621292079124,-0.153001057203007,0.9023990231993297
Case091,1.6430264773006253,-0.17278505257682136,0.5543223895940288,0.06121510201524989,0.18456129671986066,0.28232491693405365,0.27587523198996106,-0.7904029187614824,0.3868266461742976,-0.2794570569917628,1.3474388795132068,0.6734817627210108,-0.5775801040369475,0.15065247257830625,0.41130983198826765
Case092,-1.333739715088475,1.3494374987661282,-0.044354289344055005,-0.20491548158361417,-0.2803807731355752,-0.2476799143442504,-0.5496946589274133,-0.18849181459371578,-0.2007893155811981,-0.25741631656721803,-0.08728101392389483,-0.21783246451471788,-0.10877329788842166,-0.1630272035428076,-0.3492327212871419
Case095,-0.8619818446792817,-0.7651619787928892,-0.4755196952659927,-0.2876684062873392,-0.7520749896171247,-0.10207795103552979,-0.7397595907064481,1.0817965408886983,-0.2757668149680282,-0.054518855127163,0.054738539515969124,-0.09663267743558025,0.4990596554311727,-0.1579715115585441,0.010031223619650049
Case096,1.196854673014419,0.9944667380983171,1.3315563444386358,0.6277280400295393,1.8906302259343044,-0.25932024165307044,2.242410421354305,-1.2865860246984033,0.26229055874461993,-0.23526861299482338,0.2991750771113456,0.7449036333808225,-1.181161884320405,-0.017980009528666928,-0.3856403156035588
Case097,-0.8876012769595771,1.752737543875544,-0.4117045700030065,-0.2921617148223578,0.19764080994517447,-0.37176260194175925,-0.9530331761987931,1.0371836583544163,-0.33316332202528454,-0.22956008929786814,0.3076303878078077,-1.0958429866815278,0.29547521541905464,-0.1437557096320538,0.047394508412836336
Case098,1.4427203072290162,1.7140954059530902,-0.08965310883125258,0.009880285794240705,0.30120449118382325,-0.3463058205661294,-0.3883622446301435,-0.5047082080228338,-0.349877309858192,-0.14161622270966082,-0.31547728044854434,0.0163367587918139,-1.132591107023696,-0.17784149817508435,-0.9319187312823821
Case099,-0.34388452801319175,1.0788535137478823,-0.7024067705682551,-0.23943641678232258,-1.3954318279755826,0.8439204890423447,-0.7615041233329003,0.5265416533781639,-0.054887277725142035,-0.20591066988273796,1.3725976077769944,0.7467385897835892,0.8204778980520875,0.008952376878748626,0.8915053007628555
Case100,1.1712746993409042,0.4610429250506731,-1.1391308683375638,-0.31573340458203353,-0.17454072882981841,-0.43858957991700037,-0.888115887038976,1.2913174584748428,-0.49728552478243215,0.1920244825446169,-1.4186761053184813,-0.6057051906519911,0.3370653101888632,-0.24321781861698905,-0.7602089780670054
Case101,-1.5061779307305494,0.2513267296518691,0.18809147780557836,-0.14655849996721426,-0.6257388661834722,-0.18445591372704032,-0.24178836716338747,-0.6622430480800324,-0.10780584243971841,-0.26594903495562644,-0.34908482085176973,0.09237254694381476,-0.2999190252336173,-0.14101604550559974,-0.36702763476673467
Case102,1.4935847978271752,-0.23626951293536155,0.535272211101617,0.020060698864183425,1.0040021079028332,-0.4864381804316995,0.4670271880828833,-0.7240483731661056,-0.2251480774631684,-0.10519446918552378,-0.4984710191988974,-0.4151050257116432,-0.9562662924523021,-0.19630814187356543,-0.7109703739922927
Case103,-1.8910898514351386,2.0964539262440756,-0.5657866859229628,-0.2743187300083654,-0.332393697496582,-0.249555608046733,-0.5142463823982795,0.20479509615851424,-0.31612435299932284,-0.12666019483849122,-0.5687482105384786,-0.18558437077149736,0.615435408140766,-0.20675370286761674,-0.27092474050980603
Case108,-1.7682928228872414,0.5504763532038018,-0.2219124358011721,-0.22136365204633782,-0.5019506465007048,-0.1376294477273293,-0.5099737896583363,-0.14322200560538093,-0.13432338470818272,-0.2590012690820952,-0.06604779267643453,0.10518894047454702,0.09568311363878318,-0.12113973283258715,-0.00016977219391907164
Case109,-0.29331718028903087,-1.8739120269687288,-0.4798181233925151,-0.2561827410901585,-3.950112275437877,0.31341780148534354,-0.31722921229835976,0.9613728265691279,-0.10769746299598823,-0.11276537003921214,0.47080898165484164,-0.10208641260966797,-0.28382940839461573,-0.010334202753924385,-0.2618167424331669
Case110,1.4977078246884605,1.7487924092071967,2.43650003629421,1.0277750031100414,1.4566110268087336,0.09069550973097297,2.086513456711775,-1.3391410273584767,1.2253632333649391,-0.3056499064365939,0.8272710516343399,0.9457485161227174,-1.0092540737819673,0.19867660502423073,0.44938388496167664
Case111,0.38902296284023524,2.6437836234736194,1.496621336543835,0.9723566590311609,2.2226538570316388,-0.23284302743125973,3.449816046949588,-1.3054554325146148,0.2958844606744761,-0.15486414146687916,-0.008586029144566467,1.2540935469325638,-1.19133353634299,-0.029726920005225154,-0.28357760095062
Case112,-0.1867871517485881,-0.5456303129338188,-0.24175133484666,-0.22455341744887525,0.9035264041308776,-0.37965804595029934,0.34476554514320434,0.20026330687019653,-0.33547184946401004,-0.05494024688364865,0.130683576050585,-0.8059796081843905,0.17823253985769805,-0.20130419299057045,-0.3249742954677859
Case113,-1.4470628119514417,0.48768588972077137,-1.1179693760223768,-0.33698694006777935,-1.5313434874320773,-0.3760668477883193,-1.0448206003210665,2.204766076262014,-0.47402773816135724,0.05494361219005522,-0.06759711825175621,-1.5051719185514871,1.3494687777866265,-0.2359424885452176,-0.5674317768919281
Case114,-0.3512583631353549,0.251255417880179,-0.4517130164114072,-0.29841761332536954,-0.26632612536128053,-0.3447470087685848,-0.5788773296836985,1.879151396639429,-0.24556989567351276,-0.2150432135261756,0.1254200673331052,-0.808747919679687,1.59242587936217,-0.18524797834949758,0.367630035469639
Case115,-0.4065045892394546,0.17427222000716278,-0.9890165322267052,-0.30092863158193506,-1.805999832039738,-0.1786509372882913,-0.9086259353805362,1.8805801704722154,-0.38481735451481847,-0.17941061905616643,0.2863344413434854,-0.5763862599051709,0.14157474747022133,-0.181924868472517,-0.5704946102741509
Case116,0.0588317496392002,-0.6768514369249862,0.5005541377720132,0.01136459096835948,-1.221360235402916,0.24124149140119,1.1122377974695932,-1.134580580964775,0.3630253327930423,-0.2594575110690915,0.2670864418261631,0.6257004742215101,-0.7743745093480152,0.02442055070990371,-0.06279628214295406
Case119,-0.596440730356353,-1.1260609238324644,-0.4130271632727056,-0.2794273932688699,-0.23236451445857562,-0.45284379790287455,-0.19963894920025174,0.582604290571989,-0.3857410372668494,-0.06220807255251034,-1.0506929093942983,-0.6696769829045732,0.25908025865597484,-0.22839646010461273,-0.6256543265971813
Case121,0.5751080274460804,-0.5496488711568582,-0.022862148711443084,-0.1411396052958659,-1.5402768771342292,0.9341634287447018,-0.043944889240116566,0.687639143604255,0.3691237580468844,-0.2675673886635365,1.100731064485347,1.0422008638529996,0.637534996187578,0.1399588319070194,1.377420409602599
Case123,-1.1664477622884832,0.5901137680037924,-0.41534170149467936,-0.21969281428272197,-0.8137818335927021,0.19809538391179465,-0.5634252841447058,2.47124416112836,-0.17180062152990233,-0.20525258977321892,0.7512549230150036,0.2273360348200162,0.961472616911371,-0.14132137557485738,0.3625264874510353
Case124,0.3509427347522115,-0.6994840888423567,0.5296511897053954,-0.09363388043592909,1.1085330403674414,-0.3620377074037645,0.9439032996221898,-1.0216365148224957,0.03252780237139119,-0.20883182636414452,-0.6087968373078486,0.2559207549175844,-0.2824880236949707,-0.16009759421079825,-0.16766821051690234
Case125,0.37784739783478677,-1.2413412852423371,-0.6904411015921119,-0.1155835946835046,-1.8202480075035374,0.8020642851268784,0.5373473747939477,-0.48447508970195763,0.10438139886216381,-0.25293964794289836,0.23592332040794872,1.2180537522304709,-0.7057554611320258,0.04439011069082578,-0.2212547669929208
Case126,0.3036523322341648,-1.400641060187449,0.3778836120074128,-0.1964368444144024,-1.927748553619681,0.6767880601443292,0.008921534968066417,0.0851410978454295,0.27131292729825063,-0.2505680955627766,1.3661981519449249,0.25269288998522965,0.7438815696657559,0.10579901802872645,1.145675285101842
Case128,-1.2628834149913155,-0.13111581797247107,-1.4618436261441674,-0.3679467402658525,-0.3428570671802018,-0.7004170418227076,-1.1256932602946421,5.231539221296091,-0.648607489364713,23.405144511399005,-4.148484283007129,-3.720567386468222,0.9147042057418308,-0.27694611263438834,-1.1640822039855054
Case129,1.6153248352094096,-1.6308464265780493,-1.5491347819443142,-0.2831652231108542,-2.1661726949625026,0.2198307867683912,-1.1406457925397715,4.2079909849220325,-0.3608371264233468,0.11064473731770559,0.7879245811509372,0.12566731766982833,-0.45420938909242986,-0.033101817014311426,-0.4406406223030934
Case130,0.6475985372493763,0.4332307007675626,0.22446279272230624,0.08359157777718179,0.4616821222395222,0.21658702398163865,-0.06688255023577658,-0.7183178915756476,0.16722675070492635,-0.28873660842950233,0.8737150449614152,0.7164657500379142,-0.7183002882311266,0.062103085353376025,0.1547174165118736
Case131,-1.2561652384431892,0.24939339149597442,0.22779991091522203,-0.26079226933587313,-1.5542974856301257,0.1374985741437451,-0.995715623446995,0.8097785712403396,-0.08564928437573074,-0.24358129952578747,2.3476793386129375,-0.9918644524793921,1.9278756674138742,-0.050728651836098,1.2944718827277513
Case132,-1.160649700451746,0.7522174928577371,0.39139551190764627,-0.09185206282698699,0.16507024519703137,-0.05326369681689445,-0.2889096631048585,-0.4795829112419989,0.0033565935448075968,-0.27594990111422485,1.001207471075705,0.07715665049413885,-0.11803481596798675,-0.06289108219646962,0.07717583150025911
Case133,1.1356449138274365,0.0038680108516760195,-0.059233463628170946,-0.04559922429375038,0.866356954329028,-0.33093004230776324,0.551988910100315,-0.6857656588163558,-0.19167339178867981,-0.10507125025838598,-0.3141770558777797,-0.03783786529089456,-0.8891321913224847,-0.1652817073588235,-0.6430855106829004
Case134,0.8881603458709925,2.157555004434444,-0.3244134142028597,0.7359866664523804,2.375146898451791,-0.15629971752262287,0.13192919800061562,-1.0929677564340756,-0.29132862466452636,0.3485504988780426,-2.1869420357735723,2.7918844369763534,-1.4622856374285325,-0.12933234108610453,-0.8367476868693142
Case135,-0.5569383421942288,1.0310492902012725,-0.9414031745175342,-0.2640447716373105,0.18767435982686287,-0.2823478358305047,-0.6487704233863194,0.787676992309089,-0.37310492082885066,0.01738333045555143,-0.17914557050445015,-0.13379115498303357,-0.14463535249684067,-0.19061273346583366,-0.4792909820742305
Case136,-0.029462092112345482,-0.21574983006448337,0.009541386396187044,-0.15127274965317683,-0.1795049257095116,0.09977440074713248,-0.13438784406676382,-0.08374838727696801,0.04196335162991703,-0.2612085640683948,0.5227572922926887,0.5453937032941305,-0.01862128982735056,-0.05754932975441926,0.2312612240480351
Case137,0.6039040478918637,-0.08740678688982917,-0.49965702243800303,-0.24669004887339974,-1.1628856437534068,-0.20734837660243657,-0.4816743046689036,0.28588720922791316,-0.26637922827810184,-0.13718488018388833,-0.1004938811680246,-0.11311167692491778,-0.3598998017908233,-0.15171842824933252,-0.6048527017897557
Case138,1.548660296869247,-0.8708706659187212,-0.7344173278096101,-0.20032595674240017,-0.5762019732209501,0.04966801735825142,-0.7016329444526721,-0.3398397590522073,-0.11309925156135234,-0.2745125001552785,1.121574288234852,0.2380061778568724,-0.48871574970213555,0.0044422351353360775,-0.2464790253165123
Case139,-1.2204548238156745,0.08941331120209256,0.354407581470252,-0.22582354249935332,-0.01771785270220602,0.19605613285012985,-0.4903064842732146,0.3516253555690229,0.15166875595538046,-0.27032834806136863,1.674186283119785,-0.2597854054241116,1.4704298630127908,-0.022504184613517123,1.9980703834673363
Case140,-1.0289504694897134,-0.4911723237055734,-1.4879648432207264,-0.36805064923481334,-0.2077292793845496,-0.6844053588217812,-1.1651942139026727,3.2893725157696654,-0.6440364739357703,11.259370085338764,-2.784988511846239,-4.546217540461701,1.5435868288254668,-0.2758080560693453,-1.1096239199659572
Case141,0.14224739044582563,-1.9621385711813677,-0.4203014262560513,-0.3197560340872968,-0.5874272231596328,-0.5606955052161775,-0.7813914374921039,0.5367218707098809,-0.4824306518922544,-0.015920848130527278,-1.1277986742991697,-1.7758539115289838,0.6311616663217515,-0.25006165597684454,-0.8098022415802485
Case142,1.1782241454139162,0.19300725453820342,-0.5598350162093162,-0.06747011382977092,-1.4656714710722039,0.30652868993376453,0.272261236037412,0.12327897569658537,-0.010194263902543303,-0.13197353949942378,0.05892984621692428,0.7297098566380122,-0.8782758911864028,-0.06675353315329585,-0.5522837657679994
Case143,-1.3849463504292154,0.8359467121330637,-0.690110453274687,-0.2868328985913229,-0.7838371953936265,-0.024575887676086188,-0.9655670922451968,1.913054410300837,-0.24753804155909906,-0.020032802541016383,0.9637317395714339,-0.42481137892280957,0.7927590991814528,-0.11957977931931421,0.249223813986194
Case144,0.6172434318673715,0.564402800504833,-0.6286098662336745,-0.19235439031622178,-0.05797774592775497,0.13900683371436062,-0.0866451938059944,0.05569713887672222,-0.08100990514540286,-0.24840175330399336,0.260113667346734,0.5365360456231653,0.21360305855527428,-0.12672404113921598,0.19164919558847582
Case146,1.934515691504151,0.07061017177015344,0.03929973496441893,0.2995749599784277,-0.5692489474583963,-0.08162951374207657,-0.07865452039453416,-0.9352927604946676,-0.11430125434362319,-0.2419242214519941,-1.068935852320213,1.0494365060006727,-1.3653352893387367,-0.12881223180749907,-0.951840136434121
Case147,-0.5185896621491282,-0.8728137338296401,-0.8055067160559418,-0.2498132048988295,-0.22600701646278756,0.00593555378506559,-0.7806887352420592,0.16737618268214327,-0.304172902007096,-0.19049805169893416,-0.08853876976866056,0.5397103375800826,-0.021874753486699962,-0.143206581698746,-0.16632449608091907
Case148,-1.0281788166981718,-0.5497043151813649,-1.1209452108791997,-0.3347834882475689,0.3897289813531422,-0.6178319507441247,-0.9697566679830277,0.6603894013648772,-0.5581572140984121,0.7745830130208079,-2.09950124290252,-1.2794213862571864,-0.12723777416222315,-0.25836232683249755,-0.9647713909871612
Case149,0.9408217920986521,1.0791492437671935,1.3470108032037402,0.15278832233712375,1.1458222222418273,-0.34023971212597937,0.09656655004414907,-1.016100762884001,-0.11288733199820133,-0.24684430576560495,-0.6837195896856697,0.5462649307990953,-0.7573672394318015,-0.11602385600366999,-0.32758632613142596
Case150,0.12560947026121316,-0.1615891153275355,-0.920241682202347,-0.17402838769358683,-1.110999922581925,0.14646432089780073,-0.3506850994531351,-0.3682775213973222,-0.17602323091971128,-0.16938802205839545,-0.21675281596485252,0.7736732163113047,-0.4195220728285519,-0.1388893309888828,-0.4935315021641114
Case151,-0.7633704050306346,0.11303366925376296,-0.7476432605066021,-0.3006887590245806,0.26660463301625575,-0.5341456353538775,-0.46875991240502957,0.11230292262050223,-0.45201050394327136,0.2553423203368606,-1.120008296807581,-1.1835562356905724,0.038088312438426496,-0.25027592286221456,-0.781871722934576
Case152,-0.6241931993181183,0.3815210536622436,-0.9480161408660303,-0.3160889499705699,-1.452477954175147,-0.11052796574789532,-0.939109431022157,1.773397043124772,-0.35180337852335025,-0.18217669609533776,0.6250172015067689,-0.7533848559684594,1.324033720463205,-0.17813472419317858,-0.07151110570457228
Case154,0.5664071372728688,-0.19839874740628194,-0.9956294985752011,-0.25188190454913956,-0.19787760169202875,-0.3556759097517428,-0.6405265012921691,-0.03637719069851359,-0.37578529756562845,-0.0875660857458972,0.10561023599064118,-0.3183811445955472,-0.6186670918449345,-0.19135327298666854,-0.7857164550860244
Case155,-1.6273209657378997,1.0573926858197764,-0.48808433132813506,-0.2843772816694277,1.1258034018230152,-0.48097610908892674,-0.0910504525386347,0.30385139422916535,-0.3933005830114994,-0.07355594292118382,-0.39521571534714917,-0.9445090995447583,0.5039549632547943,-0.22460829053875875,-0.331234774464295
Case156,-1.468962649397083,1.0666141374698344,-0.37202677191203065,-0.2365694170857419,-0.7925531345904512,0.2953261009733506,-0.20177155319259626,0.30028927807418004,0.05986311820041477,-0.23992241122707889,0.850809124878857,0.038671840399941336,1.0811037396001006,-0.11237558817786049,1.0623809022966724
Case157,0.485944344149704,-0.3971699596160929,0.9915668891478393,0.04684084621922924,-0.6783623886079296,0.5592712052054748,-0.12312847239369096,-0.9948461089998584,0.5321285678753994,-0.30098546849880525,1.3606638435461926,0.7717715146367264,-0.3096692938131566,0.13407942595913655,0.34202891137124874
Case158,-1.3850733049443495,0.9195016998469075,-0.6484487652791625,-0.319465364828214,-0.2776542834577381,-0.5155165666717446,-0.890317070108455,1.7412402608339286,-0.4952197424937465,0.19289438421792562,-0.8891771108586802,-1.1441495334404346,1.0264486540694866,-0.24751307978972706,-0.6578805251123415
Case160,-0.3814342238450112,1.4756910947646902,0.07236456670689881,0.18959393500215177,0.394446430168205,0.12836394690504066,0.029260383239275396,-1.070732815849108,0.03682163119564946,-0.26830216578711613,-0.06089227923944323,1.2409693814719776,-0.9861399134784707,-0.06624186762364076,-0.536869324896154
Case161,0.945840755188456,1.722001833940604,0.8526945958294239,1.100175617127718,0.7657183387837747,-0.3282959347886033,0.7841125745851227,-1.3331230503336635,0.0635667300100037,-0.2516856049640741,-1.2016227271249627,1.3121781465354643,-1.5709473776380083,-0.08418018946230396,-1.0024587642989664
Case162,0.15954546783397372,0.2910906666314448,-0.9824035658782092,-0.31705903202532454,-1.9077249375017555,-0.31137244903885564,-1.142573901084763,2.8213802868251014,-0.4593515643506376,-0.05354387082379741,0.4535605258053041,-1.036469467021286,0.21598604840011676,-0.18280456171380735,-0.6007661183841071
Case163,-1.465909945095655,2.117658934330236,-0.7129251871769983,-0.25618968440588336,0.9566237986827946,-0.42717264903298513,-0.34212246113168965,-0.2260483172265056,-0.42047455541773293,0.09099143449343498,-0.7870020443315414,-0.24141805486079998,-0.06843828660242861,-0.22416184084453986,-0.5817563996898141
Case164,-1.8684043534411057,-0.5780871767463047,-0.3191230411240628,-0.28858949816887886,-1.3177635433264374,1.4880046035890286,-0.8825717325163766,2.3645659629598983,0.09658266967014315,-0.07241624347747269,2.6118506842993834,-0.28606328192276603,3.586637678819795,0.1807142817124926,5.799287291483046
Case165,-1.6480650935920276,1.2495878451580789,-1.2343575837559058,-0.29533544222457964,-0.569903246626529,-0.2863426915720515,-1.1428957776451323,1.5334547146349637,-0.45132501666101854,-0.13049957293970357,0.07863794298848756,-0.5042162978009858,-0.07693539294566139,-0.20015210123285582,-0.5830720503776654
Case169,-0.8958195464639611,0.5067207434946224,-0.8835397189681945,-0.3138289281595924,-0.46776857570538444,-0.22122248010421797,-1.025798574091519,1.7548947416080933,-0.41735589809141793,0.015406612032285341,0.08898094677747512,-0.8056200602785448,0.707228148976919,-0.17839924482677952,-0.0647387237953199
Case170,-1.0474825758963795,-0.08629227302139025,-0.28142913293763583,-0.22580949148851978,-1.4050871105468914,-0.004031909070167949,-0.4568714937513411,-0.3399827995902928,-0.12187952027330831,-0.2641503021490092,0.9242219735961873,-0.2675625824102031,-0.00601233055783251,-0.10006424230067146,-0.166530903058324
Case171,-0.279491078065666,0.4735218400237249,-0.3045745151573718,0.1628700042998647,1.2524251047513735,-0.3869023011992494,0.9455929845093197,-0.7585854649197669,-0.19421439420387548,0.14514987048979783,-0.5281743071593807,0.8671312221560084,-1.3640211206061275,-0.16419250694762627,-0.9328101980212414
Case172,-0.7265455852274083,-0.636646268077428,-0.5128829551349949,-0.3095621282019931,0.7035260339531232,-0.5984893816086484,-0.3534481977782733,-0.32349564523262975,-0.4401987864331815,0.27258872843764104,-1.0665139083900503,-1.664391347687985,0.1553775624833626,-0.2458698910511878,-0.6764803256228392
Case173,1.504438708611026,-1.3250980063436553,0.4889814466621452,-0.07507572734069595,0.4828387939131341,-0.22005598898460296,0.4087969939896619,-0.5389995914034076,0.04559507656508652,-0.26441459368122194,-0.875526148734002,0.31573564167888796,-0.29333655576517487,-0.16242189826561765,-0.285862458067074
Case174,-0.7150626167721129,1.7252573353518852,0.4635215262204356,0.06509525408201337,0.1676580046439835,0.9507274574573752,0.5887139690672559,-0.6194042088348694,0.7413689277175144,-0.28977476739546326,1.8248267875893824,1.3071605855675452,-0.004948541991369165,0.34196518570888323,1.8457276869467862
Case176,-2.259584427495173,1.893631877832972,0.13915552682670831,-0.15274306128985415,-0.6001824114460792,-0.09978419654980857,-0.4241507153198418,-0.45367858690993546,-0.14244191933644568,-0.26874597929297395,0.17995040441942048,-0.13591865568067021,-0.4145305536618136,-0.12327834233116698,-0.38900963406814837
Case177,-0.26380130988838385,-0.5945914631903307,-0.5383428755767045,-0.30539551332131276,-0.3591664145462544,-0.35732366437472324,-0.7032632384642556,1.377366299447622,-0.35923218221087017,-0.15305311913630484,-0.14448664225264587,-1.1592329158149068,0.7917640531857757,-0.20800406417705639,-0.3384996275957016
Case178,-1.3506073755249501,1.8460954155762284,0.5415545291326885,0.05171436472564338,1.2589932910641006,-0.14979280037454248,0.8080960912251026,-1.000868995242955,0.10236432042716555,-0.27389989840424533,-0.17253691318197015,0.42081871388868847,-0.6753787665754698,-0.100308526676213,-0.11976760911714866
Case180,0.9385070533162848,-0.7914225935935115,-0.7112719455898743,-0.2986063614273273,-0.5697042643095657,-0.40297789416615093,-0.6876751397540196,0.3692052888914698,-0.3836044176260052,-0.14746180308671372,-0.4301228047733817,-0.8556936645000709,0.1056773032814105,-0.20510983972485725,-0.5993994489645467
Case181,-1.0247957381458572,1.783059973407127,0.2969492629431475,0.11416629730319414,0.14985892124654077,0.03184433004783578,-0.09324433529439351,-0.8678138287790901,0.11216687247675983,-0.21175587685238714,0.8266487191889148,0.9072660444609812,-0.8467133232771913,0.03338076495804991,-0.2382636889661314
Case182,1.699936360193867,1.4758109192404898,-0.7393770525709821,-0.09588155597546273,1.9105286296958608,-0.592366280785313,0.1651311678733021,-0.4585512378202442,-0.5136551195153185,12.477660823045584,-1.7750136242409844,-0.05243457728725435,-1.304363553979295,-0.24756750276928738,-1.071270716348387
Case183,-1.2719035635521028,1.2382629476529288,0.6422800487713287,-0.11849599839700561,0.21449141310862774,0.005885892058554739,0.02861789613009268,-0.7097012306179853,0.18119744953648323,-0.2869664906554159,1.1944587308330148,-0.104107340504931,0.4501871427902447,-0.07826363719659132,0.6032519085941941
Case185,0.21646803590808417,-0.17827153549206068,-0.00798297442732714,0.020345449094862817,0.4567733293022577,-0.06591283434511223,0.44886113063921096,-0.6743848616468554,0.002398390084590902,-0.12279719057369931,-0.658742529766334,1.0999455443674755,-0.8134106107496448,-0.10682025372275457,-0.3744051710033098
Case187,1.2496727920981419,1.8234095661481557,0.6080148409350727,0.6008273870228265,1.542243264770793,-0.3155099313281192,0.48671803272008696,-1.1175703752684443,0.05295713455341569,-0.2596369377760834,-0.6868208365209931,0.5904956243925301,-1.3991059067713694,-0.09472520199606332,-0.73255502268149
Case188,1.3622739593909448,-1.1011394734796724,1.0125011011071403,-0.004037792688307636,0.7515834585750698,0.10205690832399972,0.13817356754116514,-0.8203484942228775,0.40850314425756995,-0.2920001794548034,1.1217372444142863,0.3420964377623137,-0.11007779398423509,0.12421456938034728,0.9639374524572853
Case189,1.6627805378905798,-1.5008677262394565,-0.9374353947084365,-0.3128458419503684,-1.1685288151087585,-0.3614413983951547,-0.5812451964626844,0.5919311483653855,-0.40986539612116046,-0.015524983977961409,-0.6119009147119334,-0.7820353634517435,0.16874489982060217,-0.20928598373991555,-0.603468413547688
Case190,0.7720594753541632,1.8677016069109746,0.16163961241159447,0.08059436176127216,1.5845960706080764,-0.41963979918464966,0.421339575218073,-0.8983095472444727,-0.20112410481303827,-0.05922130449229706,-0.8080548927527823,0.6178364856162567,-1.0883077408840902,-0.1594597182033198,-0.6663737591779432
Case191,0.5513962177459587,-0.5676432144986506,-0.787321058597578,-0.1553573169264587,0.5954086359058464,-0.2427306701453016,-0.2819508398184115,-0.4540337731223812,-0.21794032094609775,-0.15283834113956196,0.10134054512804203,0.5430644685966731,-0.7943531974740266,-0.12808156631341172,-0.5853380660695382
Case192,-0.8287833972992134,-0.16438263301885486,-0.09163699873580144,-0.20240501503506353,1.353895117609208,-0.4239510778788772,0.2999247134413405,0.04494190979570042,-0.2664767360878443,0.0016646828124097033,-0.854193712838234,-0.13828513919027471,-0.21625133515096717,-0.20060674306574236,-0.25088434588750835
Case194,0.47035797888548786,-1.2365544739610383,-0.4887456279629848,-0.2901432337590674,-0.5034789170479717,-0.277018922051866,-0.7427932925562593,3.1526932665985417,-0.3279364675805872,-0.157339047585123,0.20287320764548814,-0.7517031965758946,0.8514121909949903,-0.19799674391330338,-0.22641455152879092
Case195,0.18009925078720354,3.103708758873561,-0.6815135970216424,-0.16342986510762533,0.8987930105718877,-0.3694438662730771,-0.2094146477169369,-0.18680497520583444,-0.3802830316883104,0.10477441061360691,-0.655791501339936,0.19923560281129057,-0.775147474243638,-0.2100555156276012,-0.7927698172779893
Case196,0.19118864221700826,-0.6344474146200187,-0.003612499517772281,-0.26375400697733015,0.29559590724190965,0.21873047550808697,-0.22943140326523476,-0.21627674307017913,0.037015003842860425,-0.27376919701153907,0.9614149963884882,-0.24534844620647422,1.5027292162321373,-0.06355111539370518,1.4778516172490999
Case198,1.7760508261422978,-0.7680014768452729,1.103987317072271,0.41458955141609133,1.7646370616189515,-0.010698802129293403,2.853457655183213,-1.2570480304699447,0.4470490163393458,-0.27149537914660415,-0.35264216493977546,1.1884357615262984,-0.8480493783419927,-0.004652781602773816,0.1828242548261857
Case200,1.3584998960445334,-1.512276507175105,-0.20141224012083442,-0.10380097274519652,-1.1793902813720607,0.4858325086013399,0.3403156776436656,-0.36689695008999074,0.16564153370472198,-0.27556687198005375,1.1586920758160488,0.6662167072272989,-0.5042487536510026,0.05382559789782447,-0.028317255703580155
Case201,-0.8586657503709884,-0.17983469946178157,0.1252682974948666,-0.1503310778200121,-0.4704191711648221,-0.026692687518826634,-0.06711573393308905,-0.8152072311486845,0.06786574446237129,-0.2803000283324166,-0.38855614404881084,0.59129777591333,-0.29735309058894255,-0.08274432089181652,-0.11514059494886167
Case202,1.2975130890833675,-1.146137898463987,-1.039936373110124,-0.2820803396458084,-1.3460352307275765,-0.12601265918360643,-0.9919144363000124,1.556438717455752,-0.3382671145728631,-0.21990247044303565,0.9074650441168076,-0.23923903972827926,-0.11263038193843185,-0.10687316417039731,-0.38906113172545814
Case203,0.14337643028981187,0.5176874168855424,0.8953394499675256,-0.1565103151377794,-0.5477354971197553,0.3757624744302094,-0.4267950059242043,-0.2326446951007098,0.3283746784571512,-0.2901601415727649,1.7773773955108785,0.004571950762065247,1.3723832023530451,0.0379938193457215,2.1026593123031123
Case204,0.21880470492022333,-0.09031213168130185,-0.6028192974745402,-0.3107881335152151,-1.545474646440643,-0.07993362750842205,-0.898733409240537,1.4327233474364895,-0.26811585474465327,-0.23735259172071776,0.9416122506468637,-0.9240727235354608,1.5877098192665862,-0.13315123618403715,0.29621467252773126
Case205,0.2830532771051836,-0.2367732651355478,-0.24836430119515598,-0.25596992214477193,-0.08358113451922339,-0.4814287674105791,-0.3494924735023222,-0.27098383107535073,-0.35118370341583305,-0.11003490819116414,-0.5624338570779839,-0.6488303203476103,-0.14445707339089672,-0.21929788180415435,-0.6845376200540382
Case206,-0.15439367484142735,0.26599680394161135,-1.0981304769768887,-0.26443509482414185,0.32569585255403577,-0.626591418230773,-0.612689232419225,0.6277083676115554,-0.5724519248393433,5.978350319381709,-2.897952891981234,-0.786849530104222,-1.2889179941788143,-0.26010025133607667,-1.1741887327855387
Case207,0.49738908882014826,0.20874691716271204,0.6311602231548087,0.014237568241978204,0.723941560859531,-0.1345105849413,0.3031119874444389,-0.8271604285632583,0.07584074471876266,-0.26910234479584794,-0.5463950041977848,0.797995111624476,-0.444047885403158,-0.1017505550597118,-0.00990679371965169
Case208,-0.9697637016524603,0.4947010792608425,0.19139796097982636,0.19645891622972833,0.21982834854015137,-0.33182210091915304,0.28126416510122765,-1.0936400692489452,-0.012230750369225947,-0.2612205715613716,-0.8333170887595333,0.8494402840049835,-1.3754756572303768,-0.08596820729026909,-0.8679507071123838
Case209,1.5182545035476802,-0.7030690224317295,0.25422114129053813,-0.05887686877752469,0.046225616800390515,-0.23627329125262006,-0.2961413444460782,-0.5954002452445727,-0.045319751382411684,-0.24731813941669323,-0.33411009233519817,-0.07295591516455786,-0.8076761434381954,-0.13371046383259794,-0.5595294407762049
Case210,0.2075789935033949,-0.4311571010980952,-0.6583682148019064,-0.2510818858046941,0.6389084723184063,-0.4088950732214359,-0.27340359721968177,-0.14919774383155396,-0.37346480631367895,-0.0684788287765575,-1.2192802035266317,-0.03316169545761553,-0.153482921622918,-0.22825863783709002,-0.6782408338098694
Case211,0.46626447552338823,-1.0718068558144012,-0.08006430762593349,-0.21461880729489802,-1.2275626640441717,0.05819306333281688,-0.4702762947254438,0.5595336694344222,-0.015353909368292727,-0.22755588857815176,0.9994943402024496,-0.12073588173887749,0.2407270328285113,-0.0716803220522307,0.08013626849245954
Case212,0.15725424486117195,-0.5133230112057716,-0.856095908621936,-0.2514131247911296,-1.781482880947597,0.30778264944527056,-0.607077614430532,1.6991891257424045,-0.22856456796565713,-0.1457869335798024,0.3329811711555308,0.4171764753881647,0.1381601928041552,-0.133422317622677,-0.2211904505057514
Case214,0.11446725888571867,0.023992351795319226,-0.8732896211280257,-0.28395274052448155,-1.0353934705321615,-0.2475826628117562,-0.8057792938523881,1.8459506684844684,-0.3723075416263475,0.8422520015185204,-0.13306121636578958,-0.5005943827033614,-0.03213059121832877,-0.195362338662942,-0.6072643057017632
Case216,-0.010593916119851892,1.711272961300891,0.5470285105117739,-0.13790300121040971,0.433437348321554,0.11344572890530809,0.09322714439078167,-0.4243205893947988,0.22481648746449992,-0.284615668525144,1.3508518180198297,-0.22359772798115082,0.3670582688885736,-0.02805568614360496,1.3337645552841677
Case218,2.195106148492055,0.44536847709285854,0.799790865041456,0.2644832507876996,0.36358909806718687,0.016779302436988483,0.2442432161276438,-1.0582356417057817,0.2908256065602726,-0.29118778415343777,0.35588363373725324,0.7639251549135625,-0.8990706167038308,-0.018759191445583984,-0.21109042078387205
Case219,-1.1600390536150729,1.077796798147638,-0.004345842935654654,-0.2726161193271733,0.18581323286687626,-0.3580640547643093,-0.7660648831841382,0.6650074156178529,-0.3553975068884886,-0.21527732682341486,-0.12430916692521511,-0.9718316856081314,0.8220913859862247,-0.18640739610246415,-0.0712465338451826
Case220,0.30523471911085226,-0.48287877901702886,0.7856496556635459,-0.1251268597452404,-0.2458091155216408,0.004307081784482862,-0.05073707725538088,-0.6795513084955348,0.21026451236402496,-0.28730167800141,0.706717550220701,0.045984595558678225,-0.009152045300256375,-0.007735441112712936,0.5381985726961162
Case221,0.008898416687765105,-0.5219005812958156,0.10476810181452893,-0.18315248486376395,-0.84649501951039,-0.268501774955418,-0.49332887951294,-0.7711654747486423,-0.15300777014308567,-0.26856152795502714,-0.1319628931520843,-0.453604381883319,-0.5905356975698602,-0.12283805526261093,-0.544229499142697
Case222,-0.09912561381443409,-0.9806975765720648,-0.3283811940119574,-0.22012433885598306,-0.8640177235807703,0.2257303231689503,-0.43128436507770335,1.136192478893669,-0.06535553155274619,-0.2478701887028371,0.5018770729214613,0.35737173741236067,0.3102260323938079,-0.10001163211278126,0.1817481902693392
Case223,-0.5170788598009918,-1.1714901909394853,-0.6315857010904976,-0.321349729218332,-0.5885126598874659,-0.4719275957822927,-0.5766119279688342,1.6030603083867332,-0.41988921970636933,0.21371756494522465,-0.1669566364540686,-1.6838977583918902,0.8395958605218656,-0.23072207776481946,-0.5224838438727878
Case224,0.11503028266914744,0.1899849476978117,0.8394686631324318,0.19595240176334203,0.5086859445016784,0.29686069025433237,0.10289569548377199,-0.9437629794532734,0.37620128013328846,-0.29262717371956964,0.6443794522270384,1.2304346009566676,-0.6443325209554595,0.12819063297161215,0.30088837099527965
Case225,-0.4542702027496783,0.04710221955792901,-0.8997414865220095,-0.24444129477119497,-0.2012786062624313,-0.3001520139478106,-0.7749204966629093,1.2049523405228963,-0.4151901024577903,-0.07232791006559824,-0.25092784553846936,-0.13404459063728696,-0.5155605305938261,-0.21098898756113765,-0.8232183542975372
Case227,-0.7483143427171947,-1.2231133050145917,-0.8143730010420055,-0.30485409964837784,-4.833017800953599,1.01373187522675,-0.924447471241234,1.2076102296900308,-0.0231330509724044,-0.260318565038221,2.081455835876482,-0.2835178563587264,0.7056387199946041,0.19346270568824903,1.004661181900768
Case228,0.24377412800486425,-1.133296289576656,0.5789177890016907,-0.0772526428094673,0.020244455280753703,-0.025994475901739686,0.529158017952333,-0.19148191996403224,0.13153001541768786,-0.1872231721173256,0.5746597667387014,0.14188682200322436,-0.18590472537982974,-0.0792666286254395,0.22099060021017083
Case230,-0.890492458719862,1.3164472657646673,-0.08138690089563261,-0.1909914793626627,1.41933828935184,-0.5677056680067493,0.08868594417430527,-0.39401273256970165,-0.363137248607256,0.2994492719483688,-0.9169961156430035,-0.5631166127024358,-0.6423538147533108,-0.22317747115397077,-0.7097732225171919
Case231,-1.6809462565877265,-0.24110334057306482,0.317245850782024,-0.2020212650024184,-0.32262238404862054,0.20110418442076206,-0.14694094062868138,0.3747587957227355,0.1818958845952951,-0.168772948310777,1.1361628613348866,-0.21890179359733195,1.0139786597088436,-0.06103122025330765,1.1542323559732697
Case232,-0.0673644295221058,-1.9125666552102933,-0.31449396468011576,-0.3103149582762415,1.0508306376475287,-0.5106012709670015,-0.7244440831012806,1.1212637948073938,-0.47337913748511246,0.1624377188620951,-1.2786425527678726,-1.069163480665665,1.2939637468828082,-0.23882223716355708,-0.3508448142971549
Case233,-0.3038857662010235,-0.7351169168590403,-0.08237884584790686,-0.19292685984022337,-0.39288456771709307,-0.03960574346270821,-0.3047901761503211,-0.26126621763994373,-0.1999591500757506,-0.20991388684958356,-0.017475471427321043,0.3132710851093377,0.23510808267773342,-0.14095325405340928,-0.08592588296297984
Case234,-0.9459769465162865,-0.3675882408263355,-0.11279849105098849,-0.23653864944997752,-0.696382180080219,0.37494205058943303,0.13935271840973662,0.7139164771370623,0.10447085012174519,-0.2546872809910625,0.5259830425889115,0.46351104815022454,1.481627642216811,-0.06237302188424146,1.4532026991454123
Case235,-1.091129750617739,-0.20569264061758724,-0.0059990845227786485,-0.2569664217665306,-0.5084661230653249,-0.2702793940151702,-0.5161148244680206,0.887542081426962,-0.21616865294788423,-0.23613796081731014,0.17145212343730667,-0.7509880895327847,0.5383647105271404,-0.17524775561675746,-0.143737333944546
Case237,-0.07295663132738306,-0.23690801114236518,-0.6064564289662129,-0.1859364814479953,-1.0483790657626784,0.07044095175781125,-0.30459726885885846,0.2239473495389679,-0.15961853338386792,-0.1887940257016769,-0.02454957518237844,0.24290953457053832,-0.2679258831510946,-0.1609806515678422,-0.38551883874946496
Case239,1.4157494637156829,-1.1367423424559036,0.9664376170235549,-0.04792127981402108,0.911947140691144,-0.2210496946081376,2.164259071411382,-0.8280908801691538,0.20922341671003689,-0.23880086792528835,-0.12008965954218638,0.005485526873300298,-0.39955278074351563,-0.1273111871098406,0.25171042478772165
Case241,-1.1519942894461188,0.11242546436041495,-0.043031696074355884,-0.24432027654905883,0.7816043513925647,-0.4729192846376292,-0.031214856030757195,-0.7119366257148938,-0.3156990184938118,-0.048480029585621524,-1.282641027084904,-0.486170772217369,0.19062154935798817,-0.22514672355779594,-0.3997008516048805
Case242,0.5020982762057471,0.7349726185776976,0.8824529443976558,0.485580777146033,0.8556273137488286,0.15443465088247788,0.8300663010032177,-0.3273586865661323,0.41930871604518616,-0.19532783767697304,0.8410754986933461,1.285002787923397,-1.1420833014159337,0.20432337717587593,-0.10035948901217005
Case243,-0.8962093958000639,0.6908179890458007,-0.16701097082485705,-0.23654353126268285,-0.06360000214038877,0.10693326258351142,-0.5880376179729915,1.1585613452043189,-0.03071592133658313,-0.12327867817041237,1.2168084553030563,-0.17412321564567154,0.49318875777357235,0.0021251088661342417,0.8507523138965433
Case244,-0.523606642986158,-0.8796054370714325,-0.28804209928613184,-0.28637047526255555,-0.5020474298901375,-0.33155821350226555,-0.5246469623834162,0.6152825493585519,-0.2890052581505451,-0.1784949184671249,-0.3967981648396928,-0.8132989534976356,0.6836041899274887,-0.20378447990695703,-0.17380734298877998
Case247,-0.4772646362271665,-0.978178813371837,0.5577562966865032,-0.21080826191623098,-0.994105740623304,0.3081803780630519,-0.40340414128309093,-0.0901462997589988,0.3237914024471454,-0.2857495715332673,1.598357534894088,-0.44920948143104866,1.1002565583910624,0.050343977369506715,1.500063370702765
Case248,-0.4349937630305777,0.05353777147565633,0.3871417648953074,-0.13303229576347997,-0.6315305221761263,-0.3692087094381823,-0.5093074262228452,-0.6815471829226819,-0.22142402999890834,-0.24454134313556034,-0.012785933160297944,-0.3510100079325921,-0.6277398665469046,-0.1643428000213409,-0.6650068002030993
Case249,-0.10860135819361616,1.3685156452964535,-0.9559517004842253,-0.03643555637332014,-0.15079904955468781,-0.12723225364400192,-0.6169007010364634,0.2073781510421154,-0.346441445290002,-0.03917660705489691,-0.6546546829483357,0.7440160422123703,-1.248954306457909,-0.1736534291641281,-0.9595950295858864
Case250,0.781985931042321,-1.4149605238103962,0.630498926519959,-0.11588933759603486,-0.5176228437333019,-0.229361705982737,0.2716170300632391,-0.6158442705693505,0.005647152675403099,-0.2647799482882377,-0.6754119750693305,0.13633790199774082,-0.5386841457386372,-0.10815245010348136,-0.24333683355741514
Case251,-1.3906467605407602,-0.17846334345951553,-0.4434468084757872,-0.25707318878037366,-1.0081142480511314,0.5224089374068523,-0.17532887666552183,0.7219654746589311,0.1339000106441201,-0.022973490840984243,0.5604627401043514,-0.16765221148970283,1.2101488143953327,-0.037320190083274044,1.7854303276788568
Case252,0.8357505261242526,0.28866027481682466,0.48567496348789724,0.1373607411192102,0.7169379386007452,-0.043970252943389986,0.3196980519231467,-0.5600086055970764,0.246153481957144,-0.24225663662932637,0.6387215236807253,0.8035271564354644,-0.8499621836038397,0.04288821411326713,-0.13224030043573012
Case253,0.8737659886289145,-0.16173392498871958,-0.5135442517698445,-0.29777950589819446,-0.4601013938746284,-0.39818112618781076,-0.7848744895793877,1.0127315008728415,-0.397897039221888,-0.1032174117658086,-0.272924219565812,-0.9486807823074528,0.5053294641356945,-0.20564896672235883,-0.43026203704821797
Case254,0.608321015386804,-0.9544000380806976,1.1739233513549292,0.029627692922129467,1.0559736760165954,-0.2860607997898203,0.5982362967366759,-0.9667099216115356,0.32262939339983626,-0.2850474886926408,0.002625073263245289,0.05162408233243572,-0.5360435503429333,-0.04979849772223029,0.30439219572935555
Case255,-1.8531188695720322,2.130463714032662,0.5362641560538913,-0.021784748925507153,1.4729468156745824,-0.23883809783665677,0.9898926847496555,-0.8409478958570697,0.10877385247115903,-0.25921287136198745,-0.4702025773509986,0.41644926713490005,-0.49010330265445506,-0.10939586949193461,0.25739993960125024
Case256,-1.0431123958442792,0.4012086179006763,0.03424136463569046,-0.26216242228823294,1.5867944891604926,-0.26177395608822335,-0.4729234353430142,-0.32816155854434637,-0.14432212514141612,-0.23497134169023945,0.3132767605024874,0.26354410447689397,1.1847131774210113,-0.0722880844622773,3.109992485326251
Case258,-0.003637012907337308,-0.377724496723787,0.23537418719732445,-0.18449251939707603,-0.44984381020212766,-0.07576100579215128,-0.17650444268422247,-0.08365947059495431,-0.13181642886198527,-0.20704971119362156,-0.49431820606304133,0.20689042301027974,-0.19451405625825688,-0.13256703793746713,-0.2443097434394498
Case259,-0.4347248004170471,-0.7418662865379057,-0.4130271632727056,-0.3008307440701098,-1.0679373085231134,-0.28790952466882147,-0.6416699373248299,1.8827547573251289,-0.3080478342314679,-0.11616165161705824,0.037175552003072945,-0.8035623032189758,1.0659153349614219,-0.18452136398823227,-0.14735561578135628
Case260,0.6682431239961769,-1.917381275734784,-0.39517215413176654,-0.3245264082310219,-1.0453821143873006,-0.42447630090470073,-0.7258237968938458,0.9354908015835498,-0.3652146938520995,-0.1654875705750689,-0.46438976152720135,-1.3448801569153486,1.37736322590331,-0.20915085856611948,-0.13949498265100874
Case261,1.5804365584689364,-0.10789840291241978,0.44533586876207165,-0.06604989148782424,0.2770589639906248,-0.364636239652674,-0.059607382277406154,-1.013705120320703,-0.11644935692387888,-0.26260906314841204,-0.9924506242954839,-0.01319793853139433,-0.6571252475513187,-0.1859266020735155,-0.6748966599216908
Case262,0.521647303740961,-1.0370577150329146,0.4936105231060923,-0.17510618320001478,-1.3924968055080993,-0.31219306192222174,-0.1806028961334968,-0.47113854117899223,-0.17293123623623963,-0.2479491281480282,-0.2303380693634895,-0.6924202875553502,-0.4368198316394256,-0.15931937185080905,-0.5264245168586441
Case263,0.4365927500216874,-0.9975190224371323,0.8579849689082207,-0.07549257070600872,0.09919153335355813,-0.2567642389713235,1.1192835721613517,-0.2201023967875753,0.04241061492860476,-0.23466235499032942,0.2427894671303205,-0.0953611593466835,-0.2544522802315934,-0.12650826238264165,0.043540655906734504
Case264,-1.3503754288783627,-0.46753768997946843,-0.6623359946110038,-0.32983975881997335,-0.7346121188017167,-0.28642415980572394,-0.6977668263640876,2.0117969792497026,-0.3339442626494193,-0.09187128425095495,0.22172456563730364,-1.3799117244336854,3.0582653284986927,-0.21734405827442996,0.4519660618236046
Case266,-1.3777004582177674,0.4453311665849078,1.054390069458551,-0.04337528206710438,-0.5837857379416298,-0.28299528511971284,-0.06594724398248657,-0.9038475368934004,-0.027057253163092647,-0.2705648892025484,-0.44263895649408197,-0.1026860067165264,-0.5966521343157253,-0.15046219754927925,-0.6487686219176214
Case268,0.7366294647537746,-0.29282294205470166,1.3854319197318474,0.23765660226692892,1.8487239017653079,-0.2895765946399662,2.959601198171938,-1.158040257485073,0.24900167635788176,-0.1239102095601053,-0.2070252780808704,0.7047360970788847,-0.7521059319775801,-0.08572011782788455,0.043545733411143685
Case270,1.2202061461155354,-1.4119693030549687,0.24959206484659102,-0.1736479674737411,-0.25824518430000626,-0.24783106971046534,-0.25041334967013623,-0.43463341290441165,-0.13312040077041293,-0.2592185105532041,-0.5458355318138982,0.11153777492909826,-0.08159214616158719,-0.16110194086648424,-0.2528572635928572
Case271,-1.5062299505590908,0.3419747796574868,0.7799519659959682,-0.08802073712092182,0.04212861232193147,-0.2829171237288688,-0.10952231729121208,-0.8725999247781538,0.008577070149661914,-0.2819988828468986,0.350952212686458,-0.36755867389119756,-0.44357790487119986,-0.1315485005973231,-0.40626336159129567
Case272,0.6285130730972466,-1.865675524923796,0.5220462784046251,-0.14770772987450553,-0.3149980891550808,-0.08386006639156475,-0.1669164425844993,0.24582917758041803,-0.26114577672028233,-0.20372232610441227,-0.45081218905195625,-0.126533267613406,-0.04395933761016,-0.16877149440061726,-0.31415910755286997
Case273,-1.2518305893365542,0.9975727500391335,0.6311602231548087,-0.08451480994892946,0.049865119664704985,0.1383531784508926,-0.07546278165709103,-0.5805392587441338,0.05376832122269908,-0.2808313907657261,0.7502183784999269,0.12421322917305175,0.04646405934161611,-0.059253888591867226,0.2756793453350475
Case276,-0.7943208762700028,0.5383862645186558,0.7247544432305526,0.03724050543549213,0.5627572743452842,-0.18174992639295354,0.9949937912971009,-0.9630945964711833,0.12819383946090468,-0.2662398073761408,-0.03934613750721069,0.3728395476423283,-0.652854619754811,-0.07432626702424851,-0.028562372440909728
Case277,0.13094896446224238,-0.8858136162654346,0.153492877012544,-0.22722181119814008,-0.8771276031342481,0.2910547225346219,-0.5010477351678229,0.13431094604605848,0.13660087044209443,-0.2796012820190489,1.6232404147103412,0.00390588290839317,0.6261113357311495,0.16037982620388982,1.3921672353394101
Case278,0.9822905462735331,-0.13096130045694324,0.4869975567575964,-0.06943714323223212,0.5072298109598375,-0.12558964857224575,-0.21972937571442194,-0.6317037834188272,0.04744096715365597,-0.2700309277440757,0.2856127305724742,0.44604233840915564,-0.4318878150393365,-0.03854187047333166,0.11239937597391832
Case279,-0.548346678475385,0.9744933460733183,-0.48510849647131177,-0.2936488342738631,0.1142954503285882,-0.4447880343858611,-0.6356357874382472,1.1453949697877694,-0.38304540381443763,-0.16428316595249345,0.043981908265374,-1.4656310769608,0.3845409977268552,-0.21412394660759332,-0.46798227829482836
Case281,-0.96306296703217,0.10990127050960143,0.7236739432967805,-0.21877132157879403,0.35463615896898987,-0.04980922567908865,-0.23474936826557363,-0.13086301730759387,-0.002961213098123692,-0.27369832315855264,0.4823609478166741,-1.008792691899362,1.29003500350415,-0.13897066985992276,1.241840055361746
Case282,0.7966297310965895,-0.784809899175404,0.21917241964350936,-0.1765973370278009,-0.3101120050988898,0.023060748585080865,-0.21440557717102568,0.44842700433327753,0.009748140659924789,-0.21172631387433613,0.24036397015383398,0.24194519649270893,0.5683927974129858,-0.12380957480533406,0.3078626628738178
Case283,1.058121564329282,-2.1577606520518158,0.6179342904578168,-0.2007549307397207,-0.20261358587939954,-0.0795914305650532,0.38332895622040924,-0.16542923736694717,0.2004040317520783,-0.2743199601123737,1.037155978282663,-0.5180818664468488,0.6628340487500285,-0.07887602342452099,0.9230913745886087
Case284,-0.1811190439830643,-0.17133856347527365,0.7171287856852564,-0.09798155687776891,0.9417799745535923,-0.2645633686487828,2.3750350120218204,-0.6820149123752763,0.14146716308401985,-0.17560516190240705,0.16943407534132224,-0.2748677424788997,-0.2927854690340813,-0.11531964480899962,0.5272297749888886
Case285,-0.9759740706707964,-0.2821241121393118,-0.7211913951126182,-0.10373223073061473,1.2170523609985002,-0.46591016817440906,0.30897506755464305,-0.5521984091369878,-0.3794465144151893,0.8403250466833229,-1.5266508172064097,0.4931243654291745,-1.08808029736191,-0.2300081707367707,-0.967826746005988
Case286,-1.221440731968182,0.6876947593448929,-0.27812264976338785,-0.2764069770080685,-0.48008456843541547,-0.21778487920363282,-0.5729990594199312,0.9909660528681126,-0.24048350045558198,-0.17862118353777934,-0.025476080865062155,-0.6153544789652062,0.574459280894117,-0.16862938571914635,-0.02806452623138949
Case287,-0.7890831809878801,-0.9109728339390135,-0.1296615552396533,-0.26870083851399473,-0.22046677946293325,0.013457496095237708,-0.6713325928053998,-0.4809361431139334,-0.11712716119224253,-0.22154447391703383,1.2508243547758209,-0.8829337091377132,1.1671550673733349,-0.05667311812784675,1.0800441497850137
Case288,-1.7027019461590682,0.09939669147111209,-0.9423951194698085,-0.3116523150428948,-2.079036521625669,0.38700726946375685,-0.9910068474142307,1.9866329837275887,-0.17350716023890903,-0.22626632668275534,1.5099827236475334,-0.3388222761268715,2.7022103398435298,-0.10008534127663875,1.3195761375815809
Case290,0.21287815990126638,-0.8401257104331228,-0.4632857075212752,-0.30922164340061636,0.3492499048419957,-0.609899455834454,0.36921796139296037,-0.036898045680857,-0.508572572538828,2.0243602679535986,-0.5005176877942901,-2.585877550387353,0.18095300978147363,-0.2586453994221774,-0.8562669302622992
Case291,0.6114168576084579,-1.1113740673803416,-0.27418732127841217,-0.13404645433384405,0.151140125449382,-0.2509948389735874,-0.17394504690113916,-0.4347585071258305,-0.1617702093146455,-0.2419703265655326,-0.1804360897385487,0.00920795331016739,-0.6040104774879447,-0.16023016966676837,-0.47524595707712136
Case292,0.2581011865159553,0.4556646629483214,-0.09957255835399655,-0.15218444431530673,-0.9396747067449611,0.13805295143256482,0.25680959674327297,-0.5313637724207028,0.13473101676684854,-0.27791848138704334,0.9700757667529298,0.039047704728728004,-0.23420652784740584,-0.04451169863095054,0.16717130615571757
Case294,-0.2831959360718563,0.7400715277466109,0.7455645409837891,0.15718636680848458,0.7045990477248913,0.14286673420108104,0.6162022265515872,-0.9542344947184527,0.33971176492157357,-0.2909128161153998,0.04616420292841616,1.3576438429214748,-0.5882032266674158,-0.000309988876893669,0.1923085429333153
Case295,0.11876989858578758,0.48290071984371336,-0.3442523132483476,-0.24519080591695275,0.84948453776149,-0.29276981012929976,-0.822410891026509,-0.03387382980689531,-0.28316712744879347,-0.24289430024259095,0.22462737507269745,-0.8110084975862735,0.22033387692300002,-0.18145934763705848,-0.2146413525175363
Case296,0.09932553397539663,-1.2993318910196794,0.2079303768510663,-0.2937952077646625,0.705479259198197,-0.642058052342605,-0.40414408564955695,0.0760779076417134,-0.48749091465125555,0.41914201745106366,-1.6463312845648073,-2.2904495062486268,0.6930291536728913,-0.26167309264772626,-0.7322145112321539
Case297,1.1708197449066404,-1.2867393995081997,-1.2469222198180483,-0.2009029990102917,1.509604062071697,-0.5854376640166076,0.21928217329641156,0.7195917265963329,-0.5647209467108473,15.472724093415849,-2.978236802395187,-0.02309507541400957,-1.1185130945213497,-0.2687897785046127,-1.1520714979525382
Case299,1.3210634564675339,0.7054022800747578,-0.2119929862784281,-0.14260112953414897,1.1008405825306602,-0.273019861253471,0.3981571475919403,-0.6559020173051859,-0.20544811097533025,-0.17159399488410332,-0.6855908560193378,0.231003392692022,-0.2961811682482094,-0.18899381950275881,-0.32401495351131787
Case300,1.0701393010079223,-1.3574687251340483,-0.4100513284158825,-0.22483183126092068,-1.6543670045176728,0.9886690052853068,-0.45381448164470695,0.2511943362744716,0.11580192696492178,-0.2479818534101177,1.0836143807740177,0.8148644622471088,0.8054367284627925,0.12166826371329895,1.3227730991700284
Case301,-0.5300030674156436,0.24618896299320997,-0.4950279459940559,-0.1498840849548609,-0.13128430883959802,0.0558652876231685,-0.39088160753745216,-0.04065906876486287,-0.11874019768875131,-0.2509580515161472,0.3777170252961271,1.0070658988670111,-0.42062205898995314,-0.055911622951351644,-0.15459414458717902
Case302,0.6508270755911709,-1.0044144147281313,-0.6583682148019064,-0.15360113355128893,0.48512279172617806,-0.4561888966092325,-0.47739388558502815,-0.24310274414256716,-0.38672494751564646,0.04679399077578446,-1.4815361882543634,0.1448822464446994,-1.0047396659829673,-0.22574760692448403,-0.9761521993488103
Case303,-1.9225761469136775,0.07734315976761154,-0.17892815453594824,-0.32084225698390784,-1.2630994568022147,-0.3929413453745855,-0.8486820961643183,0.4580277363994774,-0.31645259660241004,-0.24375210574384357,0.4231200146095443,-2.011981464884718,1.4166273161760565,-0.20676491420948684,-0.1754064590146459
Case304,0.00030977880574941204,-0.190906149258274,-0.7139171321292724,-0.3264079099162528,0.6742933724547838,-0.6240569856705996,-0.5517876237883629,-0.1542764844239602,-0.5189420046241373,0.8175866398792249,-1.4794267418721092,-1.9798442334608033,0.3839413408503575,-0.2572088840192758,-0.7755961501732108
Case305,-1.1104747225933342,-1.4200737896158293,-0.11279849105098849,-0.3179336347856176,0.21431394087466105,-0.2973043641844989,-0.9737466671010996,0.8206126854868346,-0.38511731506706887,-0.21131926223086456,-0.2591322322025439,-1.2869822352722216,2.870348837479506,-0.2163979317144382,0.3203168202785516
Case306,0.8761664416900894,-1.4444732420388284,6.676072762314979,4.917246715152416,-0.5184210005862535,12.180375833291292,6.3165492619065295,-1.1051519497013726,10.835417617024891,-0.311191870819438,3.5245841167168694,4.2747086737244375,-0.6124182285295785,13.073503201613967,12.824546212178786
Case308,-0.05852050947956426,0.2940092415585004,0.8692270117006637,0.08572046915568646,1.7222938650378627,-0.18731163011627208,0.508705626729847,-1.0268114688203664,0.24234761132204774,-0.28483122022539287,0.2698322214737087,0.5900281130989873,-0.6629790748190375,0.0003775172995623604,0.4105513676362368
Case309,-0.0999092816685414,-0.18066223857446673,0.479723293774251,0.07049002491380041,0.17282936454329367,-0.14261484966616642,2.2178561616934007,-0.980388479017477,0.031147438729441448,-0.15953718629872332,-0.5508313060239796,0.6940450540190773,-1.0088436981849709,-0.10587903221098922,-0.5243008792119931
Case310,0.6952469932936103,-0.3351067927570243,-0.3137065962655449,-0.17881773158571748,0.4664115154579451,-0.04375979840630531,-0.5891829367324045,-0.34329431287424333,-0.1700947460615367,-0.26266362053801545,0.654002157298407,0.2791208317234283,-0.013603476739801511,-0.09289118124143168,0.11986464778368768
Case311,1.4427652630994128,-0.4442545222339021,0.935026026868199,0.10814143515673999,0.6394980241376754,-0.11412908736089743,0.3887850072616339,-1.0316182967420737,0.22841399613214045,-0.28841792667385824,0.19739675009483973,0.33567418217015355,-0.645389822681066,-0.08354773720128547,-0.06383952649878405
Case312,0.808254645912819,1.0031946912849072,0.8058044505899327,0.13352109977485258,0.9744199627525458,0.009046433031840311,1.3908028674690116,-1.0836487744781693,0.3922425851480725,-0.2741473869944895,0.2547984969476657,0.7750139006800403,-0.61644407760033,-0.0034079100763135576,0.2707187043993872
Case314,-1.1657665611363963,-0.9674979940434677,-0.5823191017942028,-0.2591221780724966,-0.664653939614758,-0.04161072859394595,-0.6210844518668555,0.5599633145396488,-0.16920468457696905,-0.24582234344071277,0.826914137962269,-0.2259304824241337,0.21976867452966006,-0.09737363956641253,-0.0308974606593607
Case315,-0.8234534281352497,0.3389342411854415,1.1767299469057266,-0.08539951578229495,0.7962731856176675,0.16656779633200844,0.2598731265353321,-0.7641994126934524,0.534909920721748,-0.2950327761976953,1.415549347709039,0.09895091802339628,0.2919404380253662,0.07426555404763809,1.3966292061118923
Case316,-0.5283827946335956,1.3834546045389082,6.853961557089522,9.805540014380322,1.135267502231395,4.776910271307215,5.02270514856482,-1.5607592462424593,7.8054841084439746,-0.3167081325764151,3.0326639663703028,3.601869761533438,-1.3038077819851424,6.2153620895847235,3.6296720865794727
Case317,-1.2917141957636036,0.2061407429870505,0.4955944130106412,-0.10367227291638471,-0.20665538656321575,0.06495995718475929,0.1618032427812107,-0.5282106714787084,0.14085218229099697,-0.25690343720700437,0.31757831232200884,0.08142479918077848,-0.1836330261711324,-0.08099236349684376,0.28054883832317346
Case318,0.5268052436523711,0.8559950017913244,0.33258479252021556,-0.082526391124604,0.34541270137583047,-0.2774163232954823,0.48437270590801756,-0.7696904184839052,-0.032072377762254856,-0.24757567889942486,-0.5174522844814254,0.2242715116197111,-0.49797571060505685,-0.15589253254357036,-0.27431167316833827
Case319,-0.06524816225844518,0.2426883833286177,0.4724733692839969,-0.11864409228999487,-0.5106126564518324,0.5871343836414338,0.061990733351632195,-0.4842561823660695,0.32706940698811127,-0.2911351923002516,1.3683147132287776,0.5422217258126313,0.6885626829047895,0.0022550817517119205,1.128993564532156
Case320,-1.439772447661679,-0.37925947694582246,0.38482722667333363,-0.21845972009715567,-0.27202093512090914,-0.17658021106209965,-0.25087321565388876,-0.665825250394235,0.05004346392889493,-0.23317376986314178,0.7155894820515541,-0.7366654236717097,0.6196103704886755,-0.11251290218889935,0.6114590940626902
Case321,0.0733357410390313,-0.893105921478683,-0.2219124358011721,-0.21330764615110032,-0.8732879818355689,-0.10574179102061297,-0.2601213671423851,-0.3445071837800953,-0.1318695772788633,-0.2579889743502212,0.40985579647579595,-0.21485997227645318,0.15258365663192372,-0.15471916848851608,-0.2116107382839234
Case323,1.6615557741897955,-2.783505349564473,0.2862940280807437,-0.15134638796217537,0.935371845659306,-0.2718285900894245,1.3777989642627937,-0.4485240870115141,-0.013873259179594628,-0.16093370119421477,-0.4388277877457768,-0.19827474087937588,-0.07599944519466698,-0.16986138426526515,0.0063225939901656
Case325,0.5295803629299075,0.46877204638658054,0.1517201628888505,-0.17026948713751502,0.7151034321936536,-0.648793151507095,-0.7583319717764254,0.5455610078331907,-0.5865426993934507,8.0642883722194,-1.9855372816326622,-1.7940492617199004,-0.6692510144027192,-0.2688014119553768,-1.1259737180380753
Case326,-0.1429753759099932,-1.3001524796922717,1.086025670619975,-0.019265469475860407,1.5829440572893505,-0.3383859322064995,1.3085703022643533,-1.0701682498289977,0.23324505957891833,-0.2640214099402869,-0.1755920571930245,0.214313487203267,-0.28154271360695093,-0.10467052925534853,0.4154382133836854
Case327,-0.6735535989011789,0.5092737065958024,0.5408932324978388,-0.043038963035868245,0.3125853737419525,-0.20400467533840444,0.27528608955898476,-1.0230594689922183,0.033581629240980446,-0.2239988892741916,-0.4660213020763664,-0.3324459969028488,-0.5726432139552899,-0.15095141156239678,-0.3847849445271018
Case328,-1.2261771353369315,0.4492390674211272,0.13783293355700882,-0.19693260733607298,0.7609077055694741,-0.2736804969038454,0.9109608324040444,0.05119267378691955,-0.011160857887007655,-0.19883478368766158,0.13233824930000126,-0.27919716037720715,0.45146340260104034,-0.17337797643734362,0.42795977525248174
Case331,0.28382480527996323,0.9983388155393051,-1.2746966784817313,-0.3246503787946073,-1.413462166758572,-0.3887052597398063,-1.1227193276251843,3.0028399722013104,-0.5055160130844288,0.6464170546903814,-0.5337096193619445,-0.950795937603258,0.20321635635698918,-0.23194768460923235,-0.828062823296705
Case334,1.1661225571486629,-0.17268266230271984,0.030041582076524714,-0.0851774042391742,-1.0271000927597207,-0.007133956019709082,-0.2839643389703168,-0.6452553756734026,-0.05222238357955337,-0.270534030383712,0.35725624557978286,0.5526769379807839,-0.47423894032001,-0.09752866763764302,-0.3157239659337182
Case335,0.5344676973754423,0.6943140306846819,0.8058902003885619,-0.13123523429637837,0.27493821270235114,-0.1178754685723771,0.1582092741667136,-0.7441865822925153,0.23876216721018462,-0.28929322098661703,0.853430451643612,-0.21349769461336054,0.14286935892565555,-0.0354836160130111,0.7251885366766526
Case337,-2.00157099261991,0.055004941176172134,-0.7740951259005859,-0.2959901431977362,-0.03452080539902023,-0.4733864330644843,-0.8469372479437037,0.4786654235733068,-0.44836164035341347,-0.08881985108833103,-0.8420588457306538,-0.8551133991048218,0.36374494207207997,-0.240765679185221,-0.6883808982067278
Case341,1.804724755312801,-0.09139625487545035,-0.18223463771019624,-0.08889408478659855,-0.9777016620462115,-0.05863815947008442,-0.3061178141891768,-0.42313882912026557,-0.10190263209507032,-0.25489664347853447,-0.22267922221737954,0.5355127950621883,-0.9173584696146297,-0.09793716992071025,-0.66298565105034
Case342,-0.44888366041352884,-1.2226579535064732,-0.7998856946597201,-0.333009508679698,-0.1045246886652505,-0.5049890738286693,-0.9081132988629775,0.8620463397754128,-0.4653518389520809,-0.08511348071615579,-0.6122106954955989,-1.6420951828411139,1.483091045054253,-0.23598129076187987,-0.3927714899101132
Case345,1.452606605923653,-1.0149422103664627,-1.1768247765239908,-0.1877367627223596,-1.7914091423538616,1.1654508662502578,-0.5289385390365705,0.18121776240705645,-0.07516308406120695,-0.057694609466489445,0.6600102410425365,1.3755194131022048,0.35335422218193513,-0.024901922111164935,0.5181748534904754
Case347,-1.066442938723303,-0.6275936124711028,0.814670039325572,-0.17096388787909583,-1.2533028536230229,0.08406713244852787,-0.3108039933175244,-0.4292800372586475,0.04047165178981509,-0.2835410246266032,1.2359153299927172,-0.4217234916930647,0.7829186476040918,-0.11596489908149336,0.3957933301241084
Case348,-0.7721555213255238,-0.38780608241073666,1.070922485329791,-0.02428689133496062,0.8245281976855545,-0.27281369838067165,1.0505579430541938,-0.9601865417597045,0.1746805316335953,-0.2637077638814154,-0.22688006351809556,0.05604415538327599,-0.2800271761445116,-0.11780291900839154,0.07592293719485425
Case349,-1.3525475796961606,1.1859729295705332,0.9340340819159244,-0.0229528141151891,0.27990261987357157,-0.23117492516229665,-0.30030656857749166,0.3809919772153548,-0.11648085892903816,-0.25044429058976303,-0.06067884106761499,-0.19897552610773997,-0.25535002415065544,-0.15315921599272203,-0.30092972449004257
Case353,1.3355268135605947,-0.3197915519675567,-0.6616746979761544,-0.17379703417317582,-0.4741201278830394,0.722898316620485,-0.25759495272314525,0.563171103066049,-0.027937235366272226,-0.23929066790183978,0.5697832635083194,0.9537111918148079,0.50150795879264,-0.06714861570581382,0.47928936553625767
Case354,-0.470185425764947,1.004798458596311,0.5438690673546619,0.16827816295984657,1.7774758438927751,-0.24783037900624677,2.0939784644859434,-1.277270979907233,0.19599949766593366,-0.22694697534957228,-0.7946791119921791,1.278553081307152,-0.7717970220328743,-0.14828252878104872,-0.23928650785743166
Case355,1.3576682617249056,-0.9757560376501142,-0.13991165307982215,-0.23180934895372804,-0.06598990394782121,-0.32279076340283663,-0.4109143849534004,-0.6894590372494969,-0.22339262661625864,0.3218942510601077,-0.7900511380539714,-0.5677721785061117,-0.05266195894630037,-0.2008759253711634,-0.4094295627684293
Case356,0.5259038179221308,1.3944678365577827,0.9287437088371275,0.29037676672231355,0.5039356848426481,-0.17963457532773103,1.0669939704549978,-1.102508837693443,0.16785991605016312,-0.27848834184581667,-0.24296405297140394,0.20479650952079742,-1.0525681974041643,-0.09587784264861532,-0.481843621012372
Case357,-1.3537723531856531,0.27322525607523357,-0.9529758656274022,-0.340976378552056,-1.59387383913001,-0.4258296180271883,-1.1685966805768644,5.077280772436911,-0.5013586555114716,-0.10290509978583287,0.5342343739466879,-2.162579705521889,1.475543055499592,-0.2341993450299186,-0.557248499860469
Case358,1.164563912178367,0.021692753108238292,0.12096986936834438,-0.06818085812178358,1.4843478337181844,-0.35851587021071507,1.3975508106924646,-0.5393454391842935,-0.18640043139511805,-0.06782825267984431,-0.5009132705781868,-0.004468650981514076,-0.5852632613423518,-0.19792465909577495,-0.5342404756642637
Case359,0.19483801929862574,-0.5993352685679498,0.912717335846712,-0.06437914231700217,0.6823999682696029,0.038291226596031194,0.7629398121258698,-0.7188786548446756,0.4355441150314759,-0.28758968357935605,0.15325013404328092,0.5203694309093495,0.06356196677443947,-0.0013399013735688867,1.1986005061605909
Case360,0.8939085516134054,0.5131090730799286,1.3893498520468022,0.1631603599153784,0.8071780391217431,0.018278800880261226,1.950420621958814,-1.031739689547382,0.5207114262313,-0.28459753254838527,-0.13331316177244895,0.6452520960098684,-0.41701944061308993,-0.04038232194303922,0.6791384780806106
Case361,-0.42654938429947464,0.04090406275107561,-0.13230674177905155,-0.2703082205358834,0.9281582833480551,-0.5341233315301855,-0.22312163350160835,-0.19776006057280537,-0.34429073704380847,-0.13792733482720287,-0.6376514199817275,-0.9652116714066977,0.11660043199172662,-0.21333346874105685,-0.43294639683055586
Case362,-2.396919858003036,-0.5650599199883419,-0.33889667426021525,-0.3377341388325533,-1.1742543324826598,-0.025640919366736337,-1.0422791163912453,1.493805895297065,-0.15749305665439628,-0.2538388475367419,2.5252315683481474,-1.9280015489653306,4.759036872200136,-0.09198834939613107,2.6677737558365044
Case363,0.07787812978057726,0.05102557687943081,-0.4599792243470272,-0.2313408189171498,-0.5277882013459152,-0.16619782199252306,-0.665060938540497,-0.18332001187513475,-0.17802375160526937,-0.2650683036801481,0.8334226966204905,-0.5060966132058887,-0.21555467347529983,-0.12619186772952323,-0.4367811922320384
Case364,-0.46090457409644436,-0.552004401734713,0.07302586334174856,-0.25282767883120366,0.7947449433025621,-0.5278585973658179,-0.1943927008604767,0.21775785867930875,-0.3135675559376317,0.21402740440933704,-0.8103772604366398,-0.8042381604269392,-0.1352754231889157,-0.2036462228476863,-0.45777165309287293
Case365,-0.14444368899212226,0.04374743363996501,-0.11610497422523648,0.06510938184586652,0.2416564924864518,0.19852840428643811,0.8973436754891922,-0.7886492901693045,0.15596219055192048,-0.2409950528963773,-0.3525068950662589,1.3499100975493685,-0.6981157743702883,-0.07843842646822134,-0.07951600705404527
Case368,-1.629157422884635,-1.1799862209213354,-0.9195803855674974,-0.33651708211258885,-0.01767715342083349,-0.42673231643947407,-0.8133207658042445,1.8478538467023309,-0.48841236131527627,0.10082247560359013,-1.227164991408488,-1.0344065620845122,2.270548079406682,-0.23715763160899528,-0.184644018343957
Case369,-0.6870022432573346,-1.2063238134883614,-0.4355112488575921,-0.2704101022200268,-3.515516291960122,0.6902906634836876,-0.7256615486242532,0.6339289596476226,-0.07398578699085451,-0.27009306809971695,1.929344492095959,-0.3765839491477336,0.7889661373337749,0.029269668883771985,0.5968809754434069
Case370,2.08128270601966,-0.5605525544417711,-0.7899662451369762,-0.2999897335480763,0.4595054240906037,-0.5620965645118501,-0.7457372127841135,0.022954610594085725,-0.4923115101860525,0.11482159068269955,-1.4300528625561206,-1.2276809148818695,-0.37691541287687647,-0.2446505925129769,-0.9114074905539232
Case371,0.8310907625197465,0.10063684781599537,0.8493881126551759,0.3234349236633652,1.1943904669539798,-0.42127916357693307,1.2716857978818432,-1.2095235431543125,0.03450826374524539,-0.2203481956000143,-0.9903684121647708,0.4528391221185785,-1.2968621280741086,-0.13630095233010822,-0.716436404948212
Case372,0.3812171289590477,-0.4196955620824009,-0.6352228325821705,-0.15521836015304463,-1.3975764401135335,0.6094800113604284,-0.5957721397780169,-0.07540272849516501,-0.012911259163573354,-0.22962506790099774,1.1401112823633999,0.8704466380553011,-0.20840032061770977,0.011712512515427917,-0.0022166599458942433
Case373,-0.4863265303566706,0.5885505137119151,0.3229959913148965,0.301137751145716,-0.03987120498355232,0.16668833801092842,0.6929788764378078,-0.6668172159277446,0.20172123253110713,-0.265200987739754,0.21271544525695749,1.0472888257140944,-1.072869683639358,-0.03343321092419426,-0.4583837411518146
Case374,1.2578030021508613,-1.3102079536769105,0.24297909849809504,-0.06971773518532759,0.3140192509861342,-0.1707908561534774,0.35646631060773165,-0.6938765620958648,-0.04523893192366752,-0.2419085324699298,-0.9965788792139997,1.0158923370214747,-0.515016355602603,-0.12413268837423626,-0.21785455933032272
Case375,-1.104188236773456,1.4386731675961972,0.280673006684522,-0.09264462913177571,1.0072079905189149,-0.08741342174982651,0.16325560518047674,-0.6412476081220707,0.028941912302463544,-0.2627884046431837,-0.5730659276044247,0.8150642464491078,-0.2140521895866401,-0.12006496072194049,0.13431766531262246
Case377,-1.3764239426780374,1.6047884298111457,0.9254372256628796,0.10469263480039755,0.41058328608056643,-0.29362465927682396,0.9387184682688678,-1.1137877700095842,0.12524116517986683,-0.27475678656826413,-0.2555355375031038,-0.014638263095244398,-0.8507076088900349,-0.1306252496778378,-0.39550533197638266
Case378,1.5362526094629718,0.37130988558449174,0.7832584491702161,0.4572596232322416,1.327697377955523,-0.0630596965372656,2.885802356144432,-1.2935352274059233,0.2651158867524889,-0.19817166436034955,-0.6941346590896575,1.4088577713009034,-1.019363273183664,-0.12504183159393337,-0.457276587401649
Case379,-0.5061365186850013,-0.27389145372647594,0.6136358623312945,-0.16506184583269798,-0.4733099877237008,0.021397467815638564,0.07994805326088034,-0.007372625800345118,0.20345519132995132,-0.17395465809333033,0.4579456383911726,-0.2193510290403961,0.31051057145508604,-0.0864503268503973,0.4207629072436697
Case382,-0.08380851978899635,0.37197930794240947,0.032686768615922956,-0.028509821368108243,0.2773625000596057,-0.15356454235064657,0.20833843926107867,-0.8222952709465345,-0.10200257595844114,-0.23907938961474184,-0.6378641819950468,0.5689252661723121,-0.6933808952976496,-0.17001230229623934,-0.5404673823202294
Case384,-0.5196436376260818,1.4410882124948108,-0.2016569973714283,-0.03719231857153989,0.4877421592619647,0.34166324782426527,-0.6278714554154163,-0.42103482973424233,-0.04244947801924514,-0.271715910552297,0.9421357829043283,1.0934161438289913,-0.6437878274018217,0.17785187013333287,0.7633403369383066
Case385,1.0861021085527713,0.44884661528607245,-0.9294998350902414,-0.1980440240458881,0.27897815768617856,0.2674588315429375,-0.7644426669427384,0.36819375187137104,-0.23712283293187156,-0.13425039259828375,0.3539517987026372,1.1685577430680285,-0.43638208427288117,0.017305406681720266,0.11878060616630846
Case386,-1.3427443458351056,-0.07853296941469716,-0.9331369665819143,-0.3417209996167367,-0.9708918896048635,-0.5063691902972932,-1.0168607946735306,2.144093685568121,-0.5001338382232424,0.2691646505318514,-0.879727673951971,-1.7744098792978178,1.1569794879033832,-0.2435910517582736,-0.6384074733198739
Case390,1.1156893059118669,-0.9949277822518399,0.9452761247083675,0.03584593147552683,1.059305554075601,-0.1766893208124533,1.3601655066763412,-0.9756672305166534,0.2418703139698465,-0.2663869237294184,0.0972561156649725,0.3027503658371906,-0.48489630886294305,-0.07535706364232478,0.1386719937779356
Case391,-0.014150028703064475,-0.3990372294625845,0.4942718197409421,-0.07298450232383107,1.2960586698261745,-0.4151227079288458,0.9105303168098243,-0.9654306312943741,-0.016193698987516283,-0.20650187311872414,-0.9339106943838386,0.4316559786130653,-0.37230561477521507,-0.1662143759223889,-0.16063897360524998
Case392,1.5268183268426687,2.164936421450238,0.5650305596698489,0.7103686262424949,0.8296881333336205,0.7729988208524456,0.051639597430115224,-1.1633125629810095,0.5191594563154664,-0.29872642921701514,0.91238362510458,2.096945323328729,-1.2044288007066326,0.5590581296921937,0.24903541714024174
Case393,1.2554264508634372,-0.3843800645723258,0.3699480523892177,-0.04267487951350617,-0.5764278843288585,0.21425758463026798,0.09267084553884748,-0.7403261518754681,0.2042029631005065,-0.24639666938751187,0.6217408387446512,0.5787077717435309,-0.43448554855515176,-0.0055460012435248444,0.1668668600599397
Case395,-0.3848742780464972,0.4672238498772114,-0.3257360074725588,-0.2846444805860877,0.5179006049548948,-0.4397578926683716,-0.49975619978009383,0.04253291628506031,-0.36460827089737585,-0.1290576623430887,-0.29022102555803314,-1.079990043030802,0.27228068582259146,-0.1813966928983723,-0.13113019818920846
Case396,-0.6714845392034768,-0.1645370356879714,-0.2350010961681392,-0.30279945721284435,0.23233079500714365,0.09599946920979366,-0.837995900638199,2.6681654445909153,-0.08333044845540746,-0.1799064050357947,1.995287452434128,-0.9091361651864348,2.8047778189759924,-0.025047673835107656,2.9423334863761705
Case398,-1.4506198354058069,1.4172258827648465,0.07236456670689881,-0.16021198525674146,-0.5078909208587422,-0.2057912272541331,-0.39078621090948545,-0.4616974110906409,-0.12585884466872022,-0.2702730791758828,0.27688621641722316,-0.44695318790305955,-0.31667611088680414,-0.16060058975169203,-0.46024048458615946
Case399,-1.2376068461975007,-0.3668098884282419,-0.5208185147531901,-0.2634416946537867,-0.9400724563798345,0.20369211115220762,-0.5877499935771301,0.20337903118698714,-0.0395991863389622,-0.2655707517366423,1.175099999937358,-0.07226082176462618,0.5968006470367963,-0.017572690914818848,0.5933150768851514
Case400,0.06653299344304868,-0.7696983164347238,-0.8974269483000358,-0.33245043694350923,0.018712343454941847,-0.5970730918116449,-0.4356992437168163,0.4526073422511778,-0.5110316320405772,0.5854205903543402,-2.353690845530379,-1.6128412531571243,0.2963599372916526,-0.25440867583129406,-0.8364730622281097
Case401,0.34348182719831866,1.4963491801072484,1.1403586319889987,0.9564669327828881,1.8391577479989147,-0.3038738231823648,1.7536147737145351,-1.3355938992203173,0.17724984881057607,-0.1634007623468675,-0.8569752569888246,1.143203624625125,-1.4655773054337349,-0.041788614092207924,-0.7377089070250306
Case402,-0.30231319559403363,-0.9607084215927788,0.6891904155448809,-0.2507357116161761,0.12696697099437354,-0.07277580658622038,-0.12640724638227513,-0.2663945584415688,0.15794055935371168,-0.2800093849812783,1.1685690272593627,-0.9212149437730065,1.632329215833264,-0.08400244170083522,1.1963283217597012
Case403,0.20193816309114582,0.6436337910282627,-0.3806236281650755,-0.16518684918126067,0.9559207994166082,-0.4024416967012275,-0.2305256768901187,-0.06094003401775929,-0.32764040986976917,-0.040035853325438665,-0.32761158893809783,-0.0739434003397728,-0.666702914551329,-0.19075577100151594,-0.6461393280915141
Case405,2.3241669153163977,0.4075808079917938,-0.550576863321422,-0.02646246499647802,0.49706482876561076,0.414307915204169,0.43705229190970984,-0.6013727819642312,0.06546491582204395,-0.06799142567756093,0.19897984392068882,1.2709672376877867,-0.28684393233813754,-0.07205534442285216,0.16408290412161408
Case407,-1.2763618952671325,1.4390957879224908,-0.526108887831987,-0.2136946575365071,0.10192803669773987,-0.4310780983736376,-0.29404073616968374,-0.34210849975136254,-0.3866663626747572,0.037213100586614936,-1.0029916737572946,-0.33932387031620415,-0.5700264330080317,-0.22465575072264402,-0.8409625819310437
Case408,1.9512757569480612,-0.9026280271462362,-0.3568169493104898,-0.17682753276545982,-0.7203579094698508,0.226276334743833,0.09913634584936515,0.8342203226231775,0.047025818076981495,-0.20189679468891025,0.5895673399300597,0.4209064662363109,-0.01616789385767427,-0.047421509105877356,0.3730381090398526
Case409,0.32030561274851005,-1.1196798215960142,-0.9774438411168372,-0.3054997108450783,-0.5137903412234213,-0.26982017553376897,-0.6306041342623151,0.9855279597447957,-0.39456071886343713,-0.05607562313391312,-0.9332233880701181,-0.41437294065538044,0.8353787197868534,-0.21128944805108882,-0.34208136747737206
Case410,1.816188874243747,0.4831320703842488,0.2079303768510663,0.46514717689960106,0.9419493243745349,-0.12260957132636346,1.0303126157629876,-1.0660461450355316,0.028388624954076177,-0.2144399605858775,-0.8131863746020614,1.053086724092401,-1.31919647310535,-0.1261012407763484,-0.8003797616509403
Case412,1.6362864385078222,-0.524696719069691,-0.757562710029346,-0.2322208090998126,0.7569716662107806,-0.3802694903197679,-0.2055053682839322,0.61206144599176,-0.4123573356373937,0.434558446130226,-1.5170592956166962,0.3018010369262916,-0.28614682003242803,-0.23318353286400134,-0.725349383097401
Case413,-0.07561650132359027,0.28225302525060875,0.6014018745865768,0.3443266750192954,0.8121218044282957,-0.159986097921449,1.6974946394389532,-1.1428134896955717,0.1963503344457322,-0.2505712413404361,-0.6440326659968322,1.33354581401749,-1.179595257939353,-0.05791681390724588,-0.5270439604648727
Case416,1.1226367858488655,0.707886459260233,0.31373783842700187,0.5025434741766662,1.8426525344057056,-0.23433855520660776,1.788801991891674,-1.2097023519455803,0.09520346444721768,-0.21211530005763257,-0.7192472818082274,1.1977253155991012,-1.3186359201966424,-0.08166580888084929,-0.5799604865864367
Case419,2.0640810924392587,-1.4310283171620382,0.4724490307909053,0.048897132073712664,1.298664723807167,-0.36197385553019845,2.2013745089855794,-1.2646612077439792,-0.009586463223247063,0.00586858255423544,-1.0513274886189183,0.5638359308310263,-0.9486255100287083,-0.15846068353121442,-0.4891833899024378
Case421,-1.3518196762559085,2.5683224755303655,-1.1907120058558325,-0.21986834213391118,1.9049830263636292,0.026021036450620524,-0.9347781170984711,0.7333930975647084,-0.461406450001766,2.600702631219572,-0.27666345296509065,1.2101416933800084,-0.960282201355436,-0.06365527048551996,0.6668191357340205
Case422,-1.9508162654731456,0.4793713661415754,1.0440351102501366,-0.21269522332871166,0.06531518027923353,0.39242233950834843,0.3382763316892432,-0.7553656701940492,0.5700421439633859,-0.2300279905976871,1.2417087275383274,0.15727426241065456,2.2602644277151036,0.11544581796324682,3.439659643700106
Case423,2.0470405803101595,-0.715776563092397,-0.5955450344911947,-0.06537446116877225,0.998769180209377,-0.5712044407943596,0.09522502631348832,-0.8165872302362266,-0.424861299541659,2.6181296595220562,-1.5118221969024028,-0.14961974927556493,-1.4052441785057672,-0.23463086132303437,-1.1109087424644113
Case425,1.4160777922933112,-0.7600037544052216,0.9935507790523882,0.06841023317293633,1.081131393053315,-0.46685149298370476,1.641213960496041,-1.1144582954320768,-0.0704242577164954,-0.0856851216242372,-0.13605255417211148,-0.6780277688718339,-0.8656999405340899,-0.1907935388919341,-0.6563734861380479
Case427,-1.653189485986224,0.5225492112497929,-0.009636216014451134,-0.22483733655399918,0.566792845901832,-0.16988227004913306,-0.1701876832786037,-0.6957573288192055,-0.11060961631839254,0.07257489050038284,-0.42318369225721636,0.4241871442240011,0.7854211685249688,-0.11944917738461908,0.8241595857413792
Case428,-1.371102115052095,0.15461301947444808,-0.48841497964555997,-0.32793494450150057,-0.27836703707971233,-0.5105381812128963,-1.0110626277005934,0.7111036588615697,-0.4854685250895711,-0.1396305010192828,-1.54125905060108,-1.2185278672249746,1.81798300075997,-0.2460912647912713,-0.39585428360938235
Case429,-1.2611526421696366,-0.1282452992913651,-0.24935624614743024,-0.2984194928606241,-0.0002733265301854943,-0.3805678972188041,0.02026801426005008,0.21551812342451632,-0.3113987384548569,-0.023856713774530764,-0.2724214479385787,-1.290701288044651,1.0341905180336153,-0.2154691684472662,-0.20555422585035565
Case430,-0.42323695262679595,-0.8722427503393171,0.09550994892663472,-0.2708459551153593,-1.073056025719079,-0.11525003660000198,-0.4763156223957096,0.4408713669928401,-0.06842099761512394,-0.2618271591777537,0.8360769012467604,-1.0163185541973005,0.9547480724053619,-0.12437367960663849,0.5045530356327481
Case431,0.05230742708814001,-3.1665814099144525,-0.2625821788444222,-0.3168900061599974,-0.30030598659534885,-0.09213556197822426,-0.6757083194972354,1.1142725402519251,-0.2851639517491592,-0.21886483026479828,0.26971561654418796,-0.8453105598262057,4.9903784838268095,-0.2002631209136013,1.4875949064493295
Case432,-0.08720875758044376,-0.27944818071358934,-0.6120774503624345,-0.24944245875750004,-0.4222971766570559,-0.22668288174446527,-0.4900949962177329,-0.07229013143742624,-0.21259733089421418,-0.2424573969790489,0.7379993346066158,-0.40282960062739953,-0.2013659044772694,-0.1321990265867841,-0.36947282339866044
Case433,1.4734745168813534,0.44268077192087985,1.1770605952231514,0.9888759321462536,1.4101991837153924,0.010712383020040024,3.988597646351325,-1.274753868144796,0.43357191372122367,-0.1882549188181977,-0.24382634936434702,1.3437660621428393,-1.3572457498202462,0.0024406280035498317,-0.35654811659489716
Case434,1.6905817594895416,0.39007846241489713,0.7072093361625124,0.15332856084935093,1.5355900157978495,-0.47920970399661744,0.47894418880048867,-0.8880251917965448,-0.12391604650203804,-0.06197891324013405,-0.22802095982356982,0.09515096635467198,-1.1128399151669779,-0.15788924062059967,-0.7045507723860097
Case435,0.33387187382690053,0.4539136918463721,1.2812148152119631,0.40278976494415925,1.2589946276731983,-0.29648588618999716,2.7667362900991854,-1.2210813753688035,0.3885252212354386,-0.24442024220349398,-0.48560101921769666,0.4125475801644693,-1.2161285029810123,-0.07358502098040465,-0.29830930741408446
Case436,-1.4572455037302852,1.5804739581330032,-0.6219968998851786,-0.2905928023276358,0.317807782512654,-0.4757411903371513,-0.2899302206082468,0.062187640029037164,-0.41023242766339807,-0.005235881945410337,-0.3137530941990318,-1.2352092367821232,-0.14970292179986552,-0.2262406324526082,-0.6473554314251964
Case437,1.0168433190490052,-0.43040982357962587,0.8743318390866869,-0.06983364790019135,0.007152914660131394,0.15018898644175635,0.4036494454545827,-0.5390917210673261,0.42662728848004583,-0.20509439018303596,1.0877668288766493,0.2828338198810013,0.11081943824649823,0.07509907968041231,1.370428440958268
Case438,0.39340503095384816,0.03736436688540241,-0.6418357989306664,-0.24221365542469137,1.2008461975950495,-0.572735559361859,-0.32183782634411784,-0.21944769752607868,-0.5005004844052038,1.084483084500393,-2.3215660244618914,-0.35162194021851845,-0.6789148999835547,-0.2480276913346671,-0.949053167483314
Case439,0.7397834132484227,-1.4598903639662857,0.9402278046031542,-0.28316692240376706,-0.4412761229077198,-0.039247312439357224,-0.1607708552679337,0.5956926258613515,0.17225959725028425,-0.27196482427620555,0.9572009041133653,-1.18870153802299,3.6322839075571305,-0.12154725885077469,2.517959670530615
Case440,0.5740857634724496,0.12693789265103728,-0.2887033959209816,-0.19374130303549192,0.49100934129723217,-0.20184287440864102,0.04869479879779779,-0.534459461293967,-0.20895402453670486,-0.23450675945590704,0.04158222110537022,-0.09326461770653369,-0.11737699517264953,-0.18146531700377905,-0.4184597971264129
Case441,1.1264379708962857,2.1589323714807707,1.084148418026783,0.7537073829751156,1.8275043747389095,-0.3603518570418831,1.3944165288091814,-1.4149859485046352,0.24374400224478912,-0.26169173383065814,-0.8479956474586201,0.7107978371283835,-1.407994172660193,-0.08138249508232262,-0.7398077631041671
Case443,-1.16389357222549,1.6819204021390006,-0.6815135970216424,-0.16274774092016223,0.6936767611764639,-0.4641927342006522,-0.6066591560944778,-0.6694871295000521,-0.4074264727071155,-0.08457778602019281,-1.1709505177270896,-0.07335471600478795,-1.025902573553457,-0.21819347130583194,-0.9459991465141434
Case444,2.181519832526832,-1.1804389926657406,-0.8104664408173139,-0.2120478695092396,-1.7441145599722938,-0.009927799844831012,-0.8569776812244232,2.28162528894077,-0.2750901887256797,-0.12746832012319126,0.5690449696512877,-0.09676854232293017,-0.5409882986770475,-0.15078252680565202,-0.6906132443751537
Case445,-0.004897935545997185,1.5023843778859574,0.10212291527513069,0.5347931498959946,1.4514546099701158,-0.0418635625920809,1.3774327088688736,-0.8975277160140279,-0.01905889181546404,-0.17708693725187868,-0.8236870239746777,1.6811476019772447,-1.2859711314333022,-0.09994084026608739,-0.7203496314434583
Case447,0.35686845117748706,0.8760575446341395,-0.04699947588345324,0.003632647378103821,0.6929949842577493,-0.4354666081761253,-0.4188910160837432,-0.3641246046960713,-0.33640562398395757,-0.146554641451471,-0.9175118559837985,0.3694539523017492,-1.1010833410901886,-0.20702809348074486,-0.9570653231999156
Case448,0.44886248850761434,0.09449173030434564,-0.8931285201735135,-0.16431850224893096,-0.6253844372989363,0.516699640735572,-0.4811177398973097,0.05686838625914382,-0.08706204292042978,-0.21720482875631242,0.34057751488938254,1.133659862154692,-0.19311427225727876,-0.07032793825300282,-0.13641865724378607
Case449,0.9161633905319727,-1.1523654074427199,-0.20703326151705614,-0.13628630088501653,-0.4059151723638651,0.021971815890070582,0.1903663822072832,-0.4576648950852685,0.0018381947188599887,-0.2621050788145671,-0.06252506851264164,0.6001287212340052,-0.31873454605077656,-0.111338287827493,-0.11498365211540337
Case452,0.41066750834117927,1.2574020973988826,0.48490414363413503,0.3542039593326824,1.6057417646473557,0.48325344743784776,-0.01049434651916319,-0.9887255536261974,0.4523173902990687,-0.29599714588718834,1.324028138305338,1.3347780957665594,-0.9687360678281326,0.46206272555958083,0.8515318603770354
Case454,0.4699553431214477,-0.5817757231855948,0.03202547198107321,-0.11162011882184542,-1.549946399781209,0.1682064056836893,0.35143122586287623,0.2567808119277504,0.03684541397317418,-0.22538317361106278,0.6437984388439583,0.28945734835407366,-0.65664189762171,-0.0477298285202392,-0.39187358230998554
Case457,0.3252150533623593,-0.8152074328959886,0.4195453000029375,-0.11409040141833963,-0.5924621820111912,0.12495663221855137,-0.3141203737894353,-0.3771943713252782,0.0637104379085014,-0.2825521043003883,0.8837779243980205,0.4934384724042471,0.14979138141619613,-0.012173538842244253,0.29185645984249825
Case458,0.2771910875101151,-0.10812886553769888,0.4592230980939133,-0.05884823021570135,0.0262287544800458,-0.3540893690201865,-0.2712365963609905,-0.6979180790823982,-0.20691280802309678,-0.22869229915625228,-0.5079950296240486,0.25534255598399624,-0.7570261340570009,-0.15125067712244605,-0.6048807897564268
Case459,-1.6880862393185314,0.571290774010054,-0.5393348205289789,-0.29605837699768084,0.0424557185811909,-0.3666599501590835,-0.7628764572447121,0.8002556522544955,-0.4047160607478333,-0.12662948180153719,-0.5455134002456264,-0.5944083354650331,0.8831294288804666,-0.20926015018896885,-0.22138845950621466
Case460,-1.4164800411658949,0.1632051937689269,0.3170443216012499,-0.17171704515877675,-0.385912879160127,-0.11659991983317099,-0.20881289869734743,-0.1483917406953206,-0.03952118930958489,-0.2647161898320821,0.47043925609175063,-0.33833081814133353,0.04279903509374262,-0.13589381924460164,-0.09033438240276281
Case461,0.9823120436461296,-0.6765386068938954,-0.8719670278583265,-0.27021491006246223,-1.8081154463714653,-0.06139976918551766,-0.9911456425899613,0.3943924546119376,-0.3598810675075976,-0.20502624492625585,-0.12722636982483498,0.14236513639704335,-0.3815023961539752,-0.15213631895638136,-0.6500945518825171
Case462,-0.03710210448673264,-0.20274459356323912,0.24760817494204215,0.04279683697760181,-0.6941651865399798,0.29367827804139746,0.2958767302081275,-0.5349592909547928,0.18668696670393234,-0.2735796360451649,0.4812732138164738,1.1490413694625414,-0.6762819955514556,0.04919621389727108,-0.05742367921627409
Case465,0.17887429319344653,-0.45016646685090916,-0.4782242749937564,-0.20177055028511962,1.7827570234922034,-0.4231075906139296,-0.3152925629422699,-0.2997404806698175,-0.24822847102528778,-0.20517497000420706,-0.12748679386149422,-0.10589418064409607,-0.3782643162620381,-0.15007985353938244,0.15122585417333506
Case466,0.6053790995518323,-0.19328284488989364,-0.4831246065667631,-0.28245365600819655,0.3190307066456039,-0.4693882690586186,-0.7342670610872828,0.22305746081350952,-0.44362594567894853,-0.13345317457732445,-0.3673782742044077,-1.1401604028671606,-0.014617163385899674,-0.2234048656926123,-0.7012855384722491
Case467,-1.7829219829189369,1.9913050344458052,0.5881759418895849,-0.05038677466679774,-0.6751685821409854,-0.19391904325943127,-0.528871426676764,-0.6230441816713912,-0.12718443428967646,-0.2505303919955007,0.1562013829520369,-0.2287589350029288,-0.6977528592005344,-0.10167688551528072,-0.5152436352570162
Case468,1.3892308195461673,-0.879060677754644,-0.5889320681426987,-0.2792339942080402,-1.1157904717794151,-0.2709578460156413,-0.6496907512505811,0.1277117731060762,-0.3241371947676971,-0.11545764659462457,0.41081436784148184,-0.8969715043887672,0.4019183822338206,-0.19118964193350335,-0.45871668529066273
Case469,0.35410931808010876,-0.6796102814987048,0.43806160577872627,-0.0037705658616140297,-0.17134571924459632,-0.07194941810174835,0.3849930494386983,-0.8981895664161672,0.08451183367741125,-0.2746971178680419,0.0042622584632429576,0.43546114543955117,-0.5587163231969093,-0.09971443789610342,-0.18640437194411177
Case470,0.45274893871432276,0.40659774461531795,0.06575160035840283,-0.11285716798086627,0.6454550741006722,-0.27048575213841386,0.4126803282566677,-0.6187209756299865,-0.12565227475062357,-0.22461326454802674,-0.36867070207776464,0.03966170635438173,-0.5211691209228784,-0.16280528589434082,-0.3944791815051247
Case471,-1.3493223842296629,2.1054555484409736,-0.6183597683935054,-0.1603090481304689,0.5632306934976711,-0.19178281837562103,-0.39485676417248844,-0.4510054217637059,-0.22974256293211046,-0.19204903631699172,0.6508582228754379,0.1746382510065273,-0.7370628368856601,-0.09945753602297566,-0.5630834451103927
Case472,1.5497608541910897,0.5955918584796354,0.47429889753407617,0.16977062917950916,0.5961421855711537,0.10331809800313797,0.49756597906943134,-1.2238188482073895,0.26384203102285536,-0.271609661350414,0.3845323095948782,0.9741108489842465,-0.7899335858989013,-0.026712419018092372,-0.24918871527806508
Case473,-0.003461948046949552,1.3717472212934023,0.4658360644424093,0.3382943106400743,1.2285535226709468,-0.2276351065105449,1.9763532991328288,-1.0876477778536753,0.0827318837464461,-0.10503106337013163,-0.44086667730502505,1.1043593688576856,-1.2471805881653681,-0.09305114448916443,-0.5660944911871271
Case475,0.4611594000152811,-1.6379978728743898,-0.9261933519159934,-0.1773597689961781,0.8127314640426846,-0.4709508434799261,-0.22181330463961868,-0.112202415733174,-0.44038573044449103,0.3672904622577964,-1.4890429383664805,0.04828232051212721,-0.9513452922517925,-0.23745051684307156,-0.9916405624976021
Case476,-0.5772117585130501,1.8016380381533652,-0.28804209928613184,-0.15188887510690152,1.4172175650684822,-0.5694951037432054,0.7310076994264156,-0.7196061958655997,-0.4296114182407821,1.8516911980123956,-1.1115682402601932,-0.6458499197632207,-0.8677600678749804,-0.23809412510835032,-0.8875752519089428
Case478,-0.34824812816486317,0.8832688522144327,-1.2647772289589874,-0.15337504638449645,1.0255766267343922,0.5029243880336963,-0.8497843620214646,2.919422212576441,-0.24293187207701053,-0.11754862257415083,0.5164331773911077,1.3354876278908518,-0.5452828787048366,-0.023977821913750506,0.03880801499930936
Case479,-0.6307460909871105,1.8172008892562055,0.6062756679187745,-0.05422145647745234,0.1096527066395318,-0.07547033729913587,-0.041151192753405647,-0.21753997802031153,0.0829859493873887,-0.26920131710604517,0.5392705700107153,0.39579607296355307,-0.4304910458394669,-0.008604251749353796,0.04743054332566238
Case480,-0.9996997805505342,4.3904577173590225,0.9783409564508474,1.18808575430079,1.669366724319743,-0.4115121490934908,2.0982378950778875,-1.3974897841620078,0.11033811827119758,-0.1610332480433588,-1.6644044417115975,1.2896388781945278,-1.5616623247140773,-0.12814429961231377,-0.91452922131351
Case481,1.4482495069453953,-0.5045672401321796,-0.9427257677872334,-0.2738611084947026,-1.3445359685410159,0.16095814478922194,-0.8391503388349485,0.7197548776899241,-0.3162057869342499,0.12832691748614383,-0.007077701109370974,-0.25388325543482376,0.6775459771736612,-0.18756832905172935,-0.16149083320723825
Case482,-1.3267418161883815,0.6204880291987582,0.8560010790036718,0.13214552017958642,1.2053685674063277,0.11311527428254126,0.7451185969937271,-0.5564408914519116,0.3367200353658433,-0.231175694989284,0.6493365504830957,0.9440013905494664,-0.6700461287170553,0.16636157052088238,0.684272640966999
Case484,-0.7031685891476321,0.19659819716746638,-0.48444719983646223,-0.26862159010749687,-1.7912139109222445,-0.07161371547995803,-0.7182716182156794,0.11338958621038765,-0.24096675302387213,0.04145406731054957,0.6434413809996834,-0.4365639981945128,0.3524297742385243,-0.13943382397666895,-0.2510418087513831
Case485,-0.1523316864254827,-0.0933902178789633,-0.4203014262560513,-0.24758901094055363,-1.7158742691564697,0.20879936851282807,-0.8539865896257047,0.6624402057848399,-0.18343523065943299,-0.232212868190766,0.7913849654909064,0.20527160295522504,0.8433838513324357,-0.13025437795001257,0.23076450827524086
Case486,0.6008177353486047,-0.003345763625871637,-0.49744968660019456,-0.23707653271171897,-0.9321454863454123,0.48746371501009755,-0.7734044171925369,0.07845750523785491,-0.1369065777032749,-0.24376754042031898,1.0985871081697638,0.24069710379093745,0.6752695875222322,-0.08573267305453698,0.39865592969275127
Case487,0.8688341253808806,1.1149555583434396,0.5772645474145667,0.5769301294111397,0.9980609944959467,-0.2681029394315643,1.1285142431060518,-1.1874220547385803,0.0803106324856614,-0.24370295949552373,-0.9672705002906978,1.1473464214640403,-1.412887638005982,-0.08286603809934115,-0.7778621599092573
Case488,0.5216953235955244,-0.6219735694112789,-0.6848200801958904,-0.30091308480094514,-0.04515175125724381,-0.39593646461572146,-0.6998958354471768,0.7600321413278504,-0.4220590639046003,-0.11147088506230204,-0.8660918909400759,-0.6381587239393491,0.6072575115628959,-0.22637611625640103,-0.5476208713971379
Case489,1.5208473684098438,0.5045392414883786,0.04842715422192532,-0.25234692473997716,-0.7971826085191519,0.05942543873829504,-0.6641204277840295,0.06441016682638362,0.015653407407689286,-0.27471606295976386,1.5176143976527028,-0.6104147045296976,1.6832491668661633,-0.07998889603926611,1.138670422967467
Case490,-1.51466578554594,0.5514191926832989,-0.15247628914196434,-0.188634251771145,-0.5031228381779578,0.11149659394390184,-0.4722170548659038,0.3875480275375931,-0.012356831842851006,-0.2652004528294907,0.6247491716318861,0.34245043081901805,-0.027049594185226417,-0.03356160456503058,0.17712397719535747
