case_id,original_shape_MeshVolume,original_shape_Sphericity,original_shape_SurfaceVolumeRatio,original_firstorder_10Percentile,original_firstorder_Kurtosis,original_firstorder_Maximum,original_firstorder_TotalEnergy,original_glcm_JointEntropy,original_gldm_DependenceNonUniformity,original_gldm_LargeDependenceHighGrayLevelEmphasis,original_gldm_LargeDependenceLowGrayLevelEmphasis,original_glrlm_LongRunHighGrayLevelEmphasis,original_glszm_SmallAreaLowGrayLevelEmphasis,original_glszm_ZoneEntropy,original_ngtdm_Coarseness
Case001,1.6931589468245893,-1.8090182693754486,-0.564146293714041,0.40301288413169756,1.8405021150733027,-0.1566169010486295,0.20413504392667808,-1.1623019881302457,-0.096809602304483,0.3068899180975851,-0.21793109894946525,-0.2698293911672552,-0.3533177605515574,-0.6935226265690517,-0.8400178691229037
Case003,-0.3026056986480837,0.24677227641270472,-0.13981780719209214,0.8507107059248754,1.6912098312411985,0.18302430734595426,-0.04378665582394331,-0.02033897542340517,-0.18141798612842971,0.5575558723524886,-0.5082978832196602,0.27308571633169,-0.4269861667481431,-0.3176874106498276,-0.12465209107199364
Case004,-0.2007041222184083,-1.2306258171328093,0.49837075431300015,0.3997064009574496,0.2334455889006268,0.2097376608151912,-0.08201989949088852,0.9185378266458052,0.5325200311920744,0.19701075965286483,-0.39142391432071305,0.12547765427522864,-0.9110780410052021,0.7075180569132874,-0.6794492011298086
Case005,-0.6094090683406408,0.3276193814871033,0.2674959075919097,0.806403831389952,0.7518538578368125,0.03292070213786107,-0.19546228454060774,-0.6346900593695153,-0.6650734968544985,0.3430920590654323,-0.28055131718199366,0.044930565436290044,-1.0972926429641638,-0.25511097177700964,0.824226762967989
Case007,-0.19038765171730057,-1.0599856012164572,0.3857119159736731,-0.43683384212729126,-1.4185929353371909,-0.13499180538305675,-0.15556656429724958,1.0336322022569155,0.27448023845955666,-0.11647056319892916,-0.4923648234262841,-0.00029351723263849975,-0.43610891173371635,0.984649126588442,-0.2775514135774372
Case008,-0.24404817659501363,1.5319926540806528,-0.7190497859174584,-0.27812264976338785,1.0668834913944083,-0.9109511204418437,-0.3487580374713892,-1.9044945489347664,-0.9327485596921826,-0.5136417682157882,0.03469312445508327,-0.4495894521808971,0.4595544282098344,-2.0476974659470364,1.0023497547255116
Case010,-1.0683115938014516,-0.42311501456164435,1.9360433993666721,0.2370274287844488,-1.0757289657696851,0.175391920640458,-0.36189332469069924,-0.2659397664459341,-0.8717996305150022,-0.6639510091879279,-0.5484219679729263,-0.007959932083106663,-0.06139641277679274,-1.1242197673173708,2.4981916927861647
Case011,-0.29169675209518703,-0.8570303683195459,0.40204585318035996,0.43442447428705344,0.23553724009945615,0.12832553595656437,-0.13527059421895915,0.2602676551080451,-0.07434614972772174,0.0923405960849328,-0.5097828059887777,0.013238275573115079,-0.5919780954388724,0.4188763427622256,-0.3257002766734577
Case012,1.2949140686793361,-0.4703404388282568,-0.9905221348140212,0.46484411949013504,-0.6020375073418199,0.4692388088020642,0.5762355304497975,1.4913690073259238,1.0050771187824965,-0.1106484906272457,-0.5817328435105689,0.14639081502141568,-1.0267651625232777,0.9421262164065447,-0.8030081710206685
Case014,-0.005601816496851282,-0.9144467856393703,0.0946720863600312,-0.16900870501320428,-0.9281331146244508,-0.23294076810359216,-0.11920258637505055,0.49812592300620717,-0.05268245216044984,-0.02279229850547888,-0.4408963464699885,-0.07251500632575367,-0.10843069992596117,0.3764713277718238,-0.20579157313810598
Case016,-0.4924460144267123,0.21214542900353506,0.13395734907125142,-0.8732896211280257,-1.3089785788775727,-0.9173114426964238,-0.4147762673803414,-0.47723906728148074,-0.6538759247278939,-0.8632818529884928,0.046123651682391624,-0.5115494878122664,1.2335892878807444,-0.987228245671427,0.23171279100661055
Case017,-0.8063750730891949,-0.8136733324787905,1.33193113881422,-0.782361333836206,-1.314696539694572,-0.2774630238856537,-0.3956818930656461,0.6060255121772417,-0.40160382872557426,-0.7479363323110484,-0.2748060305050018,-0.27087902623771926,0.046058773116638835,0.30909548638420115,0.8028626806176846
Case018,-0.8150537581715217,1.0291294121887247,0.3370585102205378,0.14180071336610653,-0.23275205072660893,-0.19477883457611084,-0.329699314974345,0.11128129288800066,-0.6368573933189522,-0.4676017345525499,-0.26158362405647806,-0.1265170724390876,0.5862432431600969,-0.37750521937080395,0.29701360251806797
Case019,-0.6955661519885399,-0.3778021336867232,0.804962625447264,0.18908342275785261,0.6891360313193223,-0.1540727721467974,-0.2575616668735908,-0.08251631164324132,-0.4213626548454645,-0.1813712718397452,-0.4694601021122936,-0.008988531916138805,-0.12339073516327435,-0.29956160176305824,0.5890567892314615
Case020,0.6218549450742978,1.506171793000536,-1.3454117379144677,-0.4566727411727792,-0.5015069517299262,-0.7354062262154296,-0.21660939125725973,-0.29783855504268875,-0.12197246799595786,-0.5696436483300554,-0.02353093048712722,-0.421323027740259,0.32680901437727156,-0.5855389170730095,-0.7146492094085097
Case021,0.33300116773272187,0.5213335018562395,-0.8374269243072543,0.2155352881518365,0.469571229138184,-0.36650753544977677,-0.03997499047596081,0.2085860542046847,0.1668246576119397,-0.1764033461527016,-0.4881709013974439,-0.10916099544450472,-0.5232317515401073,-0.0326340916339451,-0.8739780590150412
Case022,-0.1567168084625224,-0.6361544730780124,0.11426914113737856,-0.9738067096251644,-1.2519780845943167,-0.5814864276545882,-0.37143342011340424,-0.28042956594981294,-0.6699245199109194,-1.129598299108522,0.1184893351402986,-0.5194869117728945,3.3212648126780437,-1.2836980555864181,1.2431118521912934
Case023,-0.9202798487376772,-2.327083220990909,2.9061831661712487,-1.0495251743154432,-1.6529970474064224,0.3623853949251165,-0.38419130983932887,0.6664312281268839,-0.3461797636173688,-0.9800240038242768,-0.029928496220505856,-0.24969537258804758,1.2402604033896303,0.3067849318023783,1.2140871017039307
Case025,-0.6691592365532247,-1.1189084586306905,1.2068906967152182,-0.6352228325821705,-0.9294670625374322,0.06981057121442635,-0.3176057306111913,0.7328084418598357,-0.1502359804441923,-0.7152123171783994,-0.4510902519833449,-0.12615586981555288,-0.07723147126553799,0.31419167002927606,0.49518304965871607
Case026,4.15111377861542,-1.4788529058914839,-1.4346687951727306,0.6741445044200325,0.9544857792827429,0.4755991310566444,1.653230975373853,0.6061119591744294,3.3121700868503656,2.5052810777987853,-0.5425523247288042,0.40944619296128143,-1.1744001247390166,1.0531243831206665,-1.4583970917236988
Case027,0.18965578110360976,-1.6834406551547074,0.33527135096331284,0.20131741050257032,-0.48963567853077306,0.0011190908649599677,0.03327645625827002,1.1263089877350563,0.6546790547285428,-0.415011214434286,-0.5555755046284441,0.03693084057929716,-0.6485814304509124,0.4114278749058265,-0.5884288281192621
Case028,1.034456757023311,-1.778478652507362,-0.2460769507772266,0.3104313552527539,-0.5443173497205692,1.3138896042103174,0.4951282933593094,1.8861363994922007,1.032971538529693,-0.3233616298609038,-0.5737112670979866,0.207304798648827,-0.8196944893787997,0.926316250794098,-0.6368641162369633
Case030,3.7300216767325285,0.45410467633938206,-1.9850588502502842,-0.016910478997796855,0.5168916785746339,-0.42375043574099874,0.5483306320668669,-1.0400767535473785,0.7118217719573054,1.1248306890073805,-0.12128218715732834,-0.20129032332597643,-0.7790780032319886,-0.19752597752152895,-1.2716418428398548
Case031,-0.2860785372262882,0.04990220895976554,-0.06961876301190924,0.6080148409350727,1.2706159960263728,-0.18078612561603435,-0.09373867473403959,0.3680791702772596,-0.09727673869220939,1.0947641907740895,-0.4362010540347179,0.16044403799122905,-0.009070722717342238,-0.02663754901794607,-0.5596892433315844
Case032,0.1746062366290314,-0.11032136153638245,-0.4607968710439142,-0.7972405081203219,-0.030366538939727454,-0.949113053969325,-0.36361320578212986,-1.1257787894209776,-0.29841085635502423,-0.3433823989596746,0.4294133794056926,-0.48307405851474866,0.33353465984654773,-1.1906551075353038,-0.7085814497143644
Case033,0.6390284640344328,1.04420671865101,-1.2100105500979121,-0.5783513219851052,-0.6885909091564641,-0.515339076206954,-0.23597679782865444,-0.15188532593254309,-0.159034345298048,-0.47396785212635856,0.47177743788899607,-0.4393171751689507,1.176255689259146,-0.5204177444915563,-0.49927276079885635
Case035,0.36520006304588226,-2.253521841006057,0.5342649380383743,7.637598069386295,0.13245831238984643,7.875198042035273,8.29204103132929,4.063584260976811,6.19502432404721,4.82993240649165,-0.7012031625205521,8.535491965593314,-1.5699977942212529,3.6397870486926993,-1.2707567161529896
Case036,-1.1415860574199805,0.6823176282586639,1.5572675709556354,0.5990873363646031,-0.3647981478304668,-0.10064606520832356,-0.39312775164208164,-0.8273248595720447,-0.8947298731265374,-0.7166148060764604,-0.3880135479921565,-0.32413420122961745,0.376238735889671,-0.7698891056262867,1.8579184008957716
Case037,-0.7017143564059403,0.017016794385602572,0.5990276678837338,-0.38888983610069544,-1.889509003264754,0.24026720763717627,-0.25588328767148033,0.3445332067384291,-0.4918519629803143,-0.5915655474294321,-0.3928650547076231,-0.11276233561270664,-0.08597884706017658,0.5218617631736922,0.5515676455559351
Case039,0.4546376230113019,0.08911453300427132,-0.7534608119728051,-0.7750870708528602,-0.5012889073758281,-0.6120159744765733,-0.3336770319947415,-0.8997529689927228,-0.5240803020801446,-1.006206434571465,0.4353285832135135,-0.5582948453579032,1.5918045804481509,-0.8741129507306846,-0.041979813506677906
Case040,-0.9343480400021378,0.5490047688345564,0.8765411967376326,-0.16636351847380568,-0.5857125562771651,-0.21258773688893545,-0.3576020948677875,0.2702408615886449,-0.5550384016170155,-0.37195847907637125,-0.08544691294619325,-0.050819093157279185,-0.2568926848537182,-0.10472784479300136,1.2184545223954573
Case042,-0.42888993453894386,-0.35935743036978135,0.3255964815897732,0.9055983266173917,-0.1451224345478276,0.3267675902994673,-0.044627719755298764,0.5907390108116631,-0.15235704948589907,0.8409984155527431,-0.5735651145961148,0.3458094198468416,-0.7370347693120226,0.3829060555833468,-0.22634476041869092
Case043,-0.32780645042636536,0.7873137702193437,-0.3423586478511906,5.496319565743298,-0.3370779925475169,6.549706884180755,4.939428449307408,3.489252477118755,3.0630034304592257,5.741735867674778,-0.6732187185530518,9.145657341660339,-1.1993130231646651,4.467041081992975,-0.9871082193309729
Case044,-0.028397086140549962,-0.5987416650647711,-0.04470859263399586,0.0941873556569356,-0.9447392775316811,0.12959760040748042,-0.016722360371305325,1.199493879318693,0.16752818057004482,-0.4727832308171936,-0.5613364502172458,0.0628549279100661,-0.6834273084363481,0.461383805143844,-0.3333567557781841
Case045,0.792822604432219,-0.5794541357107048,-0.6874829624941576,0.4790619971394013,-0.5785319954497595,0.1893846296005345,0.44425664941642595,1.202478422839817,1.101066516074442,2.0993881985514475,-0.26490218644730196,0.41587837235039304,-0.4431276463274235,1.0379677240538296,-0.9808622505299653
Case046,-0.39447532900126187,-3.161271731201757,2.3070732729627914,-1.068372128408657,-0.6295132184048643,-0.6832515837278718,-0.44034235959419554,-0.12125482918004923,1.7342155418891836,-0.6197389086083919,0.3054905420037238,-0.4843764988264136,0.20662889462258444,0.48383573570013705,-1.2150329915770592
Case048,1.9494745278536225,0.205804250347771,-1.4826668119698305,0.287285973033018,0.7590500891662462,0.7669018903164185,0.5386063392849968,0.5333084008019928,1.5087894230066337,0.35624565326033114,-0.4553377491690393,0.05602327485020082,-0.9616427235729191,1.3419946044962454,-1.1822846685042645
Case049,-0.09332730558040947,-1.354605027611018,0.44017410468022855,-1.1708731068103444,-1.2029262362381616,-0.746854806273674,-0.40766810986015134,0.2418850213743588,2.5422026553117494,-0.6172929477325333,0.5927371106549192,-0.4867205473398885,0.8507800909934514,0.9484482317300913,-1.283686407490863
Case050,5.299027135600474,-0.14189297576629437,-2.068457590341928,0.7138223025110084,1.5872312666282635,0.5150331290350418,1.8403835569933022,-0.0583550319728466,2.9868689172235436,2.662246512988897,-0.4710054916367073,0.30961736021484815,-1.1576132580152891,0.902388560006273,-1.5355072085998882
Case051,-0.34365121265318,-1.8673255863293,1.1179926455131417,-0.7357399210793093,-0.4881995773314174,-0.6718030036696274,-0.40269165350141817,-0.2247346040342485,1.9173465747237188,-0.5258964751003268,0.10392829549553133,-0.4459925405624879,-0.10308019641396238,0.48689825529030945,-1.2793824004663898
Case055,1.4256730853196236,0.2456328986898859,-1.3094166106286194,-0.8137729239915619,-0.11496567232794441,-0.6374572634948942,-0.17817587737141838,-0.5092688815463049,-0.08037306847823923,-0.257492371950322,0.24138787628347164,-0.41167178496974,0.24199296102208429,-0.8825918615011762,-0.7990392555593236
Case057,1.9836901870581023,0.49955633815018874,-1.5863249824536891,0.8295492136096879,0.16377380803005173,0.2211862408734356,0.8094397616390593,0.3885311449788868,1.1311453391000645,0.8700077922850705,-0.534617133448834,0.15561793060289708,-1.149348093957777,0.5230462714965181,-1.1884453902105652
Case058,0.5846317538410918,0.11501730348027757,-0.8474662214185742,0.8709019278662128,-1.1358989616425545,0.31092517043371304,0.5148055586161498,0.41496268184188784,-0.3614698092172406,0.24608720207448823,-0.598523780159969,0.3073804977072186,-0.8238810322527917,0.2414684323250881,-0.07626450331201241
Case059,-0.7945380984518551,0.28738431828250677,0.6562897825422658,-0.6249727347420017,-0.6676726404591851,-0.4224783712900827,-0.4057237885745807,-0.20442160272872295,-0.9283085393556906,-0.6971863220317885,0.08973973100328146,-0.3519071810201721,1.149055796265628,-0.9047429957652826,1.8281015847643491
Case060,-0.8858208169486532,-0.9603637974635439,1.655409809369656,0.7072093361625124,-0.01583301566120636,0.046913411097937556,-0.2566595269626412,-0.3053405653908523,-0.5770789800910824,0.2601565355837741,-0.5782004908837939,0.2099463460155058,-0.7159393587028522,-0.6972724011840431,0.4682445076240789
Case061,0.8196245939167298,1.2006492521652514,-1.3531426060558438,-0.3541717627710916,0.6405382815122731,-0.5954791366146647,-0.20735627679077528,-1.273052141639451,-0.3200485076398883,-0.01691392934310302,0.4365258110269945,-0.4276481788342585,0.3978285767455131,0.035648073452475004,-0.6649495503285628
Case062,0.3849432913928449,0.912425889477897,-1.0137149991446803,-0.6577069181670567,0.4700771971887346,-0.7888329331539035,-0.32667208754621274,-1.130309253947639,-0.5362432950247313,-0.21688616199977268,0.1264062393404611,-0.43601053501084713,0.40584946090800983,-0.4857173502524408,-0.29944851617262314
Case063,-0.5389775492498119,-0.30239367640963366,0.4692284542268333,-1.1437599447815108,-1.3541404175313358,-0.8791495091689425,-0.41800592853559015,-0.40571365907635615,-0.8397810990048731,-1.031652508698753,1.6299839713145656,-0.503010945706599,3.5955475061378452,-1.182584714849731,1.9013054804015097
Case065,1.0729219100851908,0.5439356548101504,-1.2609456962490468,-0.5634721477009892,0.07993785692595252,-0.5547730741853513,-0.13950034574105236,-0.5242853966376803,-0.32139458863274056,-0.19228782204068773,-0.021613033924173554,-0.3726616140653214,1.661177326504102,-0.479649263191309,-0.41898782488374225
Case066,1.4983389982310826,0.3804974473294734,-1.3827366597647204,0.23835002205414793,-0.10907251424295614,0.39291494174710156,0.503963581499588,1.005006392220105,1.6064477553904888,0.6962698398551168,-0.5091871606281639,0.1515810233545345,-0.6242253491821982,1.3206613154075844,-1.2252899795766723
Case069,1.8475372663541385,-1.3481735349812871,-0.8498033736684681,1.077535451678287,2.1629135236257886,-0.06375619613175829,0.7564992692490223,-0.2180627001821153,1.7451923272790852,1.355615305097619,-0.5324925730662415,0.25131014242439836,-1.1247990848258607,0.24782368439736321,-1.3779031772731958
Case070,-0.6297401389866633,-0.48706052872915356,0.7353717879250307,-0.7562401167596468,-0.33882042876016344,-0.689611905982452,-0.4241499755924677,-0.4407160472089396,-0.5778832824334689,-1.0371389672077318,0.8875095928181176,-0.49418829032749,2.205355489425574,-1.5090010910325578,0.3443382929652655
Case071,0.018780524445155072,-0.410951409447669,-0.18362138266386602,0.9910766077621265,1.9370998370225294,0.00978378768638517,0.07020994331329743,-0.22508652803915363,-0.40257293922036497,0.27527206102423946,-0.5730555457504416,0.24205234915481064,-0.749852257501703,-0.7018231219465834,0.32412562467153105
Case072,0.08850184217871088,-0.25402346702787576,-0.3220625545375633,-0.9025149143170887,1.2771418050500558,0.4130692128913026,-0.31714638224036223,-0.002062535035185652,-0.0633312910272689,-1.0642324372294483,0.0402220542527907,-0.4616478670538808,0.49152171015084156,-0.045279677579677005,-0.07631278001357643
Case073,-0.2123570869214894,-0.8410072714360063,0.2903713159748721,0.09550994892663472,-0.5349003686578443,0.04564134664702151,-0.07871829828884577,1.0960806397504796,0.38108235524478346,0.17165371525956102,-0.2284081956505215,0.10662476127883617,-0.49358382936777934,0.9086717763530413,-0.8423776085443891
Case074,-0.4653015333234954,-1.32763527167246,0.9508297931500332,-1.197986268839178,-1.5416696612124414,-0.40594153342817413,-0.36509897472581593,0.9764880660490235,0.008028270991458262,-0.8291913632402305,0.9637557620670355,-0.37911720712967917,1.9878316955723956,0.5587815093452281,-0.02852841682218287
Case075,-1.0199199052723495,0.07911641910805754,1.4200859174489313,-0.32771989737710766,-0.33244984842239517,-0.6476337791022225,-0.4365762578061091,-0.4948733175214647,-0.03096119490414257,0.4573956072299485,-0.1564161488653084,-0.26168649317276754,0.05912947014589543,0.23129555982373953,-0.4684735260523802
Case077,0.6292063329644827,-1.8679422646019594,0.07249334877224296,-0.7542562268550981,1.8681873407104055,2.368431034019718,-0.014350583542294817,1.6734135072549512,0.7677668346010887,-0.9144321157623763,-0.16305695775799015,-0.16750965472642923,0.45692881264503876,0.9600645623643042,-0.46381131565610134
Case078,0.10177415948795694,1.0304457178751247,-0.8519034511548311,-0.45468885126823033,0.3425069660163181,-0.6374572634948942,-0.33075348978709873,-1.3872974320475895,-0.6453791065591896,-0.5709560570043326,0.22094466282856076,-0.49088046843084676,0.6428390383790206,-1.0738657106308909,-0.10293427600083092
Case079,-0.30694295615473927,0.18671310966175578,-0.10720470004990841,0.15535729438052337,-1.0163123723912273,-0.13880799873580488,-0.12509658216751438,0.49901679930756293,-0.002764828383785686,0.03924823535175632,-0.4124805521047807,-0.08671699571811642,-0.3401019839429729,0.21517841079604336,-0.48128529092820005
Case080,2.0711477198444235,-0.004719585205575501,-1.4517032177182283,0.3897869514347056,0.002064661650372951,-0.02941045595702509,0.5327857958978318,0.5108777458781327,1.8700807591468902,0.6794282355689406,-0.4901751330662914,0.051749782803973396,-0.9405610891422446,0.9028896958367842,-1.3190301127654482
Case081,-0.6093960240747162,-1.8938659110441065,1.633416037736564,-1.21121220153617,-0.9742774157881346,0.20719353191335912,-0.3827221572351237,1.7676827236690433,1.1711227075703086,-1.0760649270333178,0.3129522986971281,-0.3203526836350116,0.3762827963426475,0.5988361783400907,-0.947209529454154
Case083,-0.16586575271743245,-0.7305973544573566,0.17450348125917384,2.4566695836571224,-1.3867446164167356,4.113703460676531,2.438644896337865,3.4528691953440385,3.182478054517294,2.4471293182932077,-0.6810648638806933,3.9131051163811423,-1.3627172488045205,3.6745557450121855,-0.9978810858654253
Case086,-0.16623589515439108,-0.5884937703736146,0.10065321738877972,-0.7711192910437629,0.5609483015635334,-0.8613406068561179,-0.39954520878205274,-1.200149763960647,-0.6544193418875299,-0.6732539401105301,0.3629561527763461,-0.5020402438811914,0.9551809557893844,-0.7231109806556183,0.13816654814729093
Case088,0.7366014022017556,0.9825699169890656,-1.2422051223070976,-0.12271794057373246,0.14693137508707316,0.38146636168885717,-0.002363920469284047,0.9378575170544292,0.4064655450881965,-0.5653305719385946,-0.26725074317647146,-0.25189575823691535,-0.10883486361345918,1.0921210201201648,-0.5856917852524184
Case089,-0.9809468465339652,-0.5301562746590045,1.671073140240462,-0.10618552470249251,0.3671783189995023,-0.344882439784204,-0.37493018809197015,-0.36053168224029164,-0.7445635559359415,-0.31150177226469905,1.8909199725022583,-0.10175589159415759,-0.15326835782644127,-0.49958528997455587,1.4617621292079124
Case091,0.6079172154331458,-0.4845688309773824,-0.6149206728090848,0.5543223895940288,0.14604234385122167,0.6656693491194341,0.3968452889952894,1.3165472813366383,0.5231106190583035,0.27587523198996106,-0.518051579522526,0.39489184213625445,-0.9251395636171009,0.6734817627210108,-0.5775801040369475
Case092,-0.4515100456139259,-1.0354839139959329,0.7435694337977685,-0.044354289344055005,-0.1537646571142979,-0.2596541215728291,-0.28449038681481886,0.17640083792501612,-0.21079378999634454,-0.5496946589274133,-0.4487797076375993,-0.22613136513983806,-0.2127936525776827,-0.21783246451471788,-0.10877329788842166
Case095,-0.7296457024535252,0.8841122212339952,0.22605838194944403,-0.4755196952659927,-0.07128315345182605,-0.3754119866061891,-0.39131599524453364,0.07245055085098626,-0.6208442499036079,-0.7397595907064481,0.6293726700761534,-0.31440864479453984,0.4702113043178173,-0.09663267743558025,0.4990596554311727
Case096,2.2858631691493683,0.26132679511894247,-1.6017708250940703,1.3315563444386358,1.5369668287751246,1.0715489038064077,1.3015348787931966,0.35262404329414027,1.1151129754637472,2.242410421354305,-0.543006014791276,0.39213385324047845,-1.1858850454431387,0.7449036333808225,-1.181161884320405
Case097,-0.22911733838323656,-0.813955737579512,0.29653709706671655,-0.4117045700030065,0.5834033884798646,-0.17824199671420224,-0.32783224592706783,-0.2827370517845774,-0.4877365494192132,-0.9530331761987931,-0.34266488769930903,-0.3874404014639697,0.8423364323265202,-1.0958429866815278,0.29547521541905464
Case098,2.675260290413723,-0.774635817632434,-1.3573876296330318,-0.08965310883125258,-0.6141012749435608,-0.22022012359443172,0.2958817113535172,0.3406078872673962,1.032590499782558,-0.3883622446301435,-0.20883303285209712,-0.36679457212296346,-0.38489311761881895,0.0163367587918139,-1.132591107023696
Case099,-0.21750721118577127,-1.6825476393234702,0.8044248596692289,-0.7024067705682551,-1.5686858904031915,0.24280341719245113,-0.16887291058326523,0.8000666015982567,-0.39719853980881065,-0.7615041233329003,-0.06493069513798815,-0.10728995148537097,-0.032861600640191994,0.7467385897835892,0.8204778980520875
Case100,-0.4483980694287368,-1.0962024791286304,0.7756990170615358,-1.1391308683375638,-1.0007934640955756,-0.9185835071473399,-0.4332257601408956,-0.9043502453776179,-0.6631220115131745,-0.888115887038976,0.9542638939706577,-0.5421287167933198,1.4781171992174724,-0.6057051906519911,0.3370653101888632
Case101,-0.5677255386681651,0.07094941181005254,0.3233642604602789,0.18809147780557836,-1.0028384114546514,-0.22658044584901194,-0.24333997191069398,0.21720101423410787,-0.24056938380844933,-0.24178836716338747,-0.48170100433514895,-0.11399772445207165,-0.6405188147925023,0.09237254694381476,-0.2999190252336173
Case102,1.0830121338016583,-0.09138753376358101,-1.039143370600789,0.535272211101617,1.9839833407040566,-0.29908811955122644,0.15662392782167361,-0.844414648298063,0.16168626412356285,0.4670271880828833,-0.3006887421951724,-0.18648312197163655,-0.4218550162017277,-0.4151050257116432,-0.9562662924523021
Case103,-0.3238373769586539,-0.3357071592482785,0.16631071816921233,-0.5657866859229628,-0.7753651619076913,-0.605655652221993,-0.33079667402103485,-0.034522207353010904,-0.5903764478819195,-0.5142463823982795,0.12284184302597409,-0.33614155096158216,0.06552186229105944,-0.18558437077149736,0.615435408140766
Case108,-0.4869620817782997,0.3579915400427475,0.056892356440649786,-0.2219124358011721,-0.5948795422333959,-0.2227642524962638,-0.28599717427366045,0.3164277404414113,-0.3041074899630829,-0.5099737896583363,-0.4427794775451412,-0.15921556825815178,-0.22559835408614232,0.10518894047454702,0.09568311363878318
Case109,-0.8166739110866841,1.5863712447902005,0.0948563266639146,-0.4798181233925151,-1.0096265522582397,-0.286367475042066,-0.3403142329623691,-0.05733464752375543,-0.6329113846027113,-0.31722921229835976,0.3291883964136409,-0.11297788542684115,0.389240732205589,-0.10208641260966797,-0.28382940839461573
Case110,1.7789043866326963,-1.2773993729365356,-0.8545605054882415,2.43650003629421,1.2094830214236572,1.4500005004583343,2.1871086021609205,1.33031424065657,1.498124574747648,2.086513456711775,-0.6562052203376995,1.3409825940399378,-1.3325924385053927,0.9457485161227174,-1.0092540737819673
Case111,3.230457356580904,0.1748012857831278,-1.8073386359148103,1.496621336543835,1.4878486357311052,0.9295345229032486,1.9330558558179292,0.19594718129457198,1.1303393772670138,3.449816046949588,-0.510971544722293,0.5112217439519751,-1.108502913473201,1.2540935469325638,-1.19133353634299
Case112,-0.2005470260773512,1.1640632471744412,-0.6298930124950061,-0.24175133484666,-0.2947886462468054,-0.22912457475084402,-0.2626753238575491,-0.57959008667247,-0.5613251788578907,0.34476554514320434,0.03381703569699874,-0.3159969088571347,0.4047674025015848,-0.8059796081843905,0.17823253985769805
Case113,-0.6521608739097282,-0.16342166507956365,0.5979525768272189,-1.1179693760223768,-1.0670528169206106,-0.9643778273803175,-0.4487443755919532,-0.5363721026190035,-0.8084198946925472,-1.0448206003210665,1.5497563756377224,-0.5303433165364037,1.7568210538358284,-1.5051719185514871,1.3494687777866265
Case114,-0.09291616213785049,0.23001292802544251,-0.3641531377447525,-0.4517130164114072,0.38778050958811866,-0.5051625605996256,-0.2489036786909375,-0.8417313705453953,-0.7901583223400422,-0.5788773296836985,-0.29082534825966605,-0.27520335421482595,1.773838259444995,-0.808747919679687,1.59242587936217
Case115,-0.5578751459303597,-0.869276775652381,0.8261809115353695,-0.9890165322267052,-1.4571682859113624,-0.6196483611820696,-0.4014014761630251,0.28235451615192625,-0.5006791169453745,-0.9086259353805362,-0.08511176045865061,-0.43558966348721767,1.6214187059508223,-0.5763862599051709,0.14157474747022133
Case116,-0.2867500692454682,0.7608490255564381,-0.3794817379269601,0.5005541377720132,0.4084954571674725,0.049457539999769644,0.03554120575073867,0.5528289772566903,-0.08933694687220083,1.1122377974695932,-0.4071667981309389,0.44521176052793154,-1.229522600381246,0.6257004742215101,-0.7743745093480152
Case119,-0.44462546973948974,1.7901530150606777,-0.5845175719957554,-0.4130271632727056,-0.4482453307104722,-0.749398935175506,-0.36234713917091244,-0.9872687268680638,-0.7490548179602544,-0.19963894920025174,-0.04284768480155871,-0.38950191513999644,1.216656023910831,-0.6696769829045732,0.25908025865597484
Case121,-0.5890671739229283,-0.7410540534085769,0.806715754632355,-0.022862148711443084,-0.7268588609080657,0.4870477111148888,-0.068150221449248,0.8297102742549212,-0.434173234319281,-0.043944889240116566,-0.49692378101514484,0.35361704758719836,0.3509576356178666,1.0422008638529996,0.637534996187578
Case123,-0.6672465610128273,-2.099904868216642,1.9328639294474184,-0.41534170149467936,-1.4837371036011229,-0.05103555162259784,-0.2971249524790329,0.34780832433621783,-0.34026909806344413,-0.5634252841447058,-0.21643004322924014,-0.203280107360179,2.009563057972676,0.2273360348200162,0.961472616911371
Case124,-0.14859336870511544,0.12352388631105807,-0.26000814223033203,0.5296511897053954,1.6659931839078386,-0.13753593428488883,-0.10436968811515676,-0.37128609755829955,-0.34825194889056954,0.9439032996221898,-0.4745421707673835,0.1002774456608106,-0.8393099736778818,0.2559207549175844,-0.2824880236949707
Case125,-0.4235969677082502,1.5270371225297834,-0.5148404151059038,-0.6904411015921119,-1.7636681948771962,0.029104508785112938,-0.1523051804100162,0.7422465405966513,-0.2384512473658742,0.5373473747939477,-0.4203084200746202,0.14650316153880705,-0.5073896352039821,1.2180537522304709,-0.7057554611320258
Case126,-0.8095550676688452,1.2788015169232427,0.2122161050977823,0.3778836120074128,-0.7400725052774108,0.34584855706320794,-0.18924603057101566,0.5788587869058367,-0.624528765611163,0.008921534968066417,-0.38957233652362594,0.2606458858854781,-0.23555564936082915,0.25269288998522965,0.7438815696657559
Case128,-0.5663790153725604,0.9647666823872666,-0.09335139568050932,-1.4618436261441674,0.447116521325779,-1.7441533357918526,-0.5187551273245966,-4.640039558491794,-1.1798506936517206,-1.1256932602946421,11.920452472387979,-0.7081263401777405,19.434508054258703,-3.720567386468222,0.9147042057418308
Case129,-1.0026524561790349,-1.8859798519458773,2.8207956771350284,-1.5491347819443142,-1.3264369411673167,-0.09555780740465938,-0.46391660348726016,0.9370762662584451,0.03725295880487918,-1.1406457925397715,1.6684989943336843,-0.42790053073084117,2.7420648651284223,0.12566731766982833,-0.45420938909242986
Case130,0.4776621098596493,-0.7357743966810155,-0.41231452974569643,0.22446279272230624,-0.4117105601439751,0.8241447906076405,0.18772028451850212,1.3292138943959555,1.0508329696513907,-0.06688255023577658,-0.5700208469180112,0.1613703227914337,-0.8288847105979019,0.7164657500379142,-0.7183002882311266
Case131,-0.6254042547578555,-0.14885018827489704,0.5394924688184164,0.22779991091522203,-0.7780465182529795,0.2889320580751873,-0.194933097435366,-0.2906968434765854,-0.5668429015119055,-0.995715623446995,-0.2855956828271068,-0.1591735839187316,0.0919916153688541,-0.9918644524793921,1.9278756674138742
Case132,-0.5420608871339421,-0.3057934001599693,0.476255527002005,0.39139551190764627,-0.49380230028193123,0.3417172979425266,-0.16873010602461846,0.8099604343989371,-0.0026024719806724095,-0.2889096631048585,-0.5434869294404417,-0.014274080486893555,-0.5606946247968284,0.07715665049413885,-0.11803481596798675
Case133,1.187277695719903,0.05352362026884669,-1.1412943122416987,-0.059233463628170946,0.2955658076488991,-0.17824199671420224,0.0658136887024449,-0.033316701995284505,0.3841988142063784,0.551988910100315,0.014140772064305819,-0.1549272786407855,-0.6040337519584656,-0.03783786529089456,-0.8891321913224847
Case134,6.08472792909071,1.7006491301953761,-2.5885276468231715,-0.3244134142028597,-0.9812623177807178,0.4717829377038963,0.9981099428486007,0.43442566008394384,3.6929187633563374,0.13192919800061562,0.25441224972401255,-0.2632903962575269,-0.8320691867886355,2.7918844369763534,-1.4622856374285325
Case135,-0.1652831458416094,-1.0162858691009462,0.33000710523565097,-0.9414031745175342,-0.8693243873706298,-0.42629456464283083,-0.34146136315344955,-0.15411293135315832,-0.3547408848176044,-0.6487704233863194,0.6064759467204479,-0.40268233075659327,0.5723193686526873,-0.13379115498303357,-0.14463535249684067
Case136,-0.522762829147814,-0.6086172183760149,0.6110721261940391,0.009541386396187044,-0.3620574895422332,0.21737004752068748,-0.21618245955788334,0.6048374830992306,-0.17320364257434123,-0.13438784406676382,-0.42880167356972687,0.040188427802207376,-0.18684922773455792,0.5453937032941305,-0.01862128982735056
Case137,-0.3436199314480752,-0.5001582435326577,0.27820643344628804,-0.49965702243800303,-0.7647581224727669,-0.45936824036664803,-0.30813629411516646,0.10497303616357863,-0.4302159785709367,-0.4816743046689036,-0.0606432520441513,-0.2850885976452898,0.24452620595119354,-0.11311167692491778,-0.3598998017908233
Case138,-0.407968580722655,-1.0567580205438276,0.686984280604639,-0.7344173278096101,-0.5636240898197664,0.16903159838587778,-0.3116515316465664,1.11127449231288,0.3543568468509795,-0.7016329444526721,-0.4963996749392493,-0.1589349793929203,-0.531954876011599,0.2380061778568724,-0.48871574970213555
Case139,-1.0717627291253136,-1.9277479700762834,3.1820094022546184,0.354407581470252,0.1852905903697057,0.49086390446763695,-0.3532023889850382,0.06589364607087733,-0.49673874908286636,-0.4903064842732146,-0.46718520546343495,0.11020993091174482,-0.0005837798513756189,-0.2597854054241116,1.4704298630127908
Case140,-1.0133516978758148,-0.08528489721229393,1.4978980645194746,-1.4879648432207264,0.2216245649888645,-1.6474764375222333,-0.5255114961303405,-3.929031539168191,-1.1824020904148842,-1.1651942139026727,11.625860088680028,-0.7071263739851991,6.592189886677265,-4.546217540461701,1.5435868288254668
Case141,-0.7535508596915896,1.2808382506114888,0.09639589324225992,-0.4203014262560513,-0.03237170679819385,-0.9529292473220731,-0.43469953474755174,-1.4692053094592479,-0.9191058115977387,-0.7813914374921039,0.2997868651374921,-0.521883635738488,0.972658032221518,-1.7758539115289838,0.6311616663217515
Case142,0.29794396003263707,-1.3092878244330812,0.020134214631817783,-0.5598350162093162,-0.4463122875321962,-0.18841851232153062,-0.005105412884341898,0.8039185550317083,0.18701201108260257,0.272261236037412,0.17081922577996836,0.015569146694401681,-0.11373089079793741,0.7297098566380122,-0.8782758911864028
Case143,-0.4581553107020819,-0.075505117319986,0.22341633706788994,-0.690110453274687,-0.9484290255460851,-0.03195458485885718,-0.3220722488523251,0.29188809618485395,-0.5026436635081573,-0.9655670922451968,0.85795215109908,-0.3072718647550987,0.8656171520528753,-0.42481137892280957,0.7927590991814528
Case144,-0.19991113461647117,-1.3283057042969881,0.5561318563571647,-0.6286098662336745,-1.025237383178503,-0.10955051636473587,-0.1856158449073171,0.29414292306656925,-0.29829727338761275,-0.0866451938059944,-0.4137192535384086,-0.07703439554402605,0.009091197718164796,0.5365360456231653,0.21360305855527428
Case146,1.8783387410170103,-0.5822095262670042,-1.1802911969959289,0.03929973496441893,-0.36561823345350725,-0.26219825047466117,0.3953983923274011,0.6972661110687228,2.008234791392473,-0.07865452039453416,-0.38541819579941944,-0.09630373283894036,-0.9151040389549918,1.0494365060006727,-1.3653352893387367
Case147,-0.5996313104292439,-0.1066201765626293,0.47015172020388446,-0.8055067160559418,-0.5573544038707118,-0.22022012359443172,-0.38265235083788607,0.6267473137907725,-0.1831051756448929,-0.7806887352420592,0.008997980418038535,-0.3455645792912144,0.0853993288960432,0.5397103375800826,-0.021874753486699962
Case148,-0.889975702460477,-1.0377916708671033,1.7230290158569055,-1.1209452108791997,0.272792354543811,-1.1831729129378772,-0.5004634033051817,-2.160287493971166,-0.7021811007411044,-0.9697566679830277,1.55351106199145,-0.6051543148732189,1.4887778443968138,-1.2794213862571864,-0.12723777416222315
Case149,2.577151869409348,0.754330445653953,-1.8240837853278782,1.3470108032037402,0.490219563883888,0.5655896163310923,1.2381971738108688,0.12815932989717868,0.11312636946140739,0.09656655004414907,-0.4521334586790557,-0.0941166030784307,-0.9000669523788755,0.5462649307990953,-0.7573672394318015
Case150,-0.2694730876339378,-0.8110364761036785,0.34684877583216195,-0.920241682202347,-1.1939500790697763,-0.3130808285113029,-0.2586771142939311,0.8477524469137389,0.025257712621174197,-0.3506850994531351,0.06444901818663629,-0.19019503212998554,-0.5824227280989426,0.7736732163113047,-0.4195220728285519
Case151,-0.4159216861685937,-0.20594791222002978,0.22733196610437598,-0.7476432605066021,0.9973453392167126,-1.0788636279627615,-0.42265714927695824,-1.4333193354183933,-0.66219658382544,-0.46875991240502957,0.6075279884026731,-0.46980871318786593,0.6050339160163211,-1.1835562356905724,0.038088312438426496
Case152,-0.432226276929583,-0.0662531752991547,0.18069425487941848,-0.9480161408660303,-1.0857470268178442,-0.5318759140688625,-0.36683733675389224,0.12771223152324057,-0.6993650426372231,-0.939109431022157,-0.04383169490115193,-0.40639140010289,1.2700983842993645,-0.7533848559684594,1.324033720463205
Case154,-0.14783535558788305,-0.9591436007376708,0.27713258142485453,-0.9956294985752011,-0.7675712884297627,-0.6476337791022225,-0.3779559945957307,0.05796981549099491,0.06345604999565174,-0.6405265012921691,0.02749418118928145,-0.4089496076746536,0.0045125930582622245,-0.3183811445955472,-0.6186670918449345
Case155,-0.16748679156959873,0.3218237068099346,-0.3267745883155777,-0.48808433132813506,0.03512169268536567,-0.47208888487580847,-0.3381763826600939,-1.0560871270853303,-0.7011115281545997,-0.0910504525386347,0.02597426750730888,-0.39874567830610824,0.6847656058698824,-0.9445090995447583,0.5039549632547943
Case156,-0.8489987475885226,-1.4150677311265067,1.8768827242868977,-0.37202677191203065,-0.6549619681217165,-0.2113156724380194,-0.3038867244017147,-0.16764620456911908,-0.6092672992902995,-0.20177155319259626,-0.3280436495445651,0.04885024357227035,0.011490151443716734,0.038671840399941336,1.0811037396001006
Case157,-0.0498579951019517,0.5662207777692616,-0.5456043184798983,0.9915668891478393,-1.0630184565937895,0.8037917593929838,0.28298765050844643,1.612978435951536,0.29836606614690064,-0.12312847239369096,-0.6252779052906537,0.5018943031696712,-1.108795075285587,0.7717715146367264,-0.3096692938131566
Case158,-0.3665580467603699,-0.3144554971874354,0.2131206391772,-0.6484487652791625,0.1390291771543293,-0.8880539603253549,-0.4062414637089154,-1.1683576109977871,-0.8328023363451105,-0.890317070108455,1.1932215947088194,-0.539580003834972,1.7598624954405604,-1.1441495334404346,1.0264486540694866
Case160,0.9415467198125465,-0.9827186640578425,-0.5924901642666445,0.07236456670689881,-1.02602307320098,0.2682526255573292,0.24350779657107846,1.3749190131617943,1.3442726600622454,0.029260383239275396,-0.5185644141332472,0.043724364913500395,-1.0613257122275754,1.2409693814719776,-0.9861399134784707
Case161,4.496019096264055,1.1398331076503432,-2.280090358363599,0.8526945958294239,0.8198891675137874,0.08380328017450284,1.5010774019887518,0.4591461195499168,3.7264108283399655,0.7841125745851227,-0.5094507037313236,0.13500028897984068,-1.230714160513414,1.3121781465354643,-1.5709473776380083
Case162,-0.30706838012009624,-0.5996985833133266,0.28168393432278155,-0.9824035658782092,-1.1995742927479272,-0.5916629432619166,-0.39083130545687766,-0.04893517330777401,-0.5640927537305815,-1.142573901084763,0.6253711378841704,-0.5243059521179553,2.0968265131285513,-1.036469467021286,0.21598604840011676
Case163,0.5107047034139595,-0.7753978097944059,-0.4172615076553729,-0.7129251871769983,-0.3525288305897903,-0.5802143632036721,-0.27239712389855875,-0.7511569095008902,-0.4076579095691115,-0.34212246113168965,0.31688486345128586,-0.43538466987127805,-0.04793901205928481,-0.24141805486079998,-0.06843828660242861
Case164,-1.197089005844081,-0.326239056743831,2.520437124867647,-0.3191230411240628,-0.8211700299847242,1.0353074894597039,-0.3900285850596898,-0.7948616703397556,-0.7645281383326937,-0.8825717325163766,0.904899154911716,0.020683662192717982,0.7124749841193964,-0.28606328192276603,3.586637678819795
Case165,-0.42084773180322166,-1.5428932957557495,1.0185443031631358,-1.2343575837559058,-0.9991960096560357,-0.5420524296761908,-0.4262096571678656,0.1989831178734487,0.009078971507603062,-1.1428957776451323,0.2860445579337676,-0.5154326744667078,1.0579725248821223,-0.5042162978009858,-0.07693539294566139
Case169,-0.7949867574600661,-1.9403067099663676,2.138487370838962,-0.8835397189681945,-0.20251570654501577,-0.45936824036664803,-0.44272293408818675,0.020464692391941163,-0.5655341401144591,-1.025798574091519,1.1361533395294414,-0.47496378620876745,1.0661368688307993,-0.8056200602785448,0.707228148976919
Case170,-0.6449598116210868,-0.04600463680849573,0.521320648852628,-0.28142913293763583,-1.015804520374342,-0.1909626412233627,-0.3154074435091688,0.46719055035473206,-0.2884431309908284,-0.4568714937513411,-0.4407593911999443,-0.1443384370154318,-0.49719966768005897,-0.2675625824102031,-0.00601233055783251
Case171,0.6051366373310217,0.549812868687318,-1.0220709433043842,-0.3045745151573718,1.4179594018926946,-0.27619095943473765,-0.13095659078665212,-0.3313026208002263,1.3204202782954764,0.9455929845093197,0.09374837560826335,-0.12430244916317132,-0.39590734406771394,0.8671312221560084,-1.3640211206061275
Case172,-0.4967285722836111,1.181230980563745,-0.28519841079179686,-0.5128829551349949,1.9760624022960414,-0.9173114426964238,-0.4160194303559519,-2.1231898554040085,-0.8655860400279732,-0.3534481977782733,0.3603742429414713,-0.451771537044662,0.007890277983094898,-1.664391347687985,0.1553775624833626
Case173,-0.19560780182302287,0.0891183812333208,-0.19332895990141669,0.4889814466621452,-0.5215430862671124,-0.1362638698339728,-0.092365320282412,0.1894724946208869,-0.12084805773182462,0.4087969939896619,-0.5156941514769835,0.08564179865312498,-0.4099738436673661,0.31573564167888796,-0.29333655576517487
Case174,0.015313411613978534,-1.1430471661340973,0.19724142232422626,0.4635215262204356,-0.7568096935958306,1.21339651258795,0.38423475119323897,1.3851416265370882,0.20265418231114865,0.5887139690672559,-0.5717477203275203,0.757417816387099,-0.7990463570747123,1.3071605855675452,-0.004948541991369165
Case176,-0.4732423320274057,-0.029026767027763842,0.2228356981329711,0.13915552682670831,-0.7799190296091817,0.011295606472288321,-0.23416751375453052,0.47392874462054374,-0.09859144689582366,-0.4241507153198418,-0.48555099127990453,-0.15888943144306727,-0.5028204554623592,-0.13591865568067021,-0.4145305536618136
Case177,-0.7286269441213999,-0.7687509250092441,1.1129629364353353,-0.5383428755767045,-0.31962371465777184,-0.6298248767893979,-0.4124238603811817,-0.3417468703902299,-0.731979735555107,-0.7032632384642556,0.006190592006714288,-0.3965557252083377,1.392973836234871,-1.1592329158149068,0.7917640531857757
Case178,0.13222927549233301,0.012401810550093826,-0.4782057493414687,0.5415545291326885,0.4390178419877882,0.49722422672221717,0.05308758475324763,0.2395249063420675,0.25694066431355067,0.8080960912251026,-0.5399992491729894,0.16284376977867224,-0.93580509986933,0.42081871388868847,-0.6753787665754698
Case180,-0.5281111468702854,0.004040296516468656,0.29187498793075356,-0.7112719455898743,-0.4932024245168459,-0.6857957126297038,-0.39594348876408514,-0.43157013285400014,-0.6573855174306522,-0.6876751397540196,-0.026462406954358187,-0.4184291162794962,0.38388498115297903,-0.8556936645000709,0.1056773032814105
Case181,0.9508066588941056,-0.40516846212597335,-0.8489686816226708,0.2969492629431475,-0.084709864924073,0.46788692976035584,0.3604493285895447,1.1543205776840022,1.0247671436818164,-0.09324433529439351,0.14370928094436217,0.10131392969662201,-1.0135216634257938,0.9072660444609812,-0.8467133232771913
Case182,4.334926241503802,1.2677551594457428,-2.285838911237887,-0.7393770525709821,1.2731940314543226,-0.7519430640773381,-0.028958742888915,-1.9512138142750257,0.6845119353908773,0.1651311678733021,1.6721204084067218,-0.501940666466155,0.7511497155147083,-0.05243457728725435,-1.304363553979295
Case183,0.1682287855518616,-0.3573455528868226,-0.34498911209993566,0.6422800487713287,-0.4091312796196944,0.38283190548540935,0.16972766165175504,0.4250047489083037,-0.24762730846416506,0.02861789613009268,-0.5610480661510822,0.1767953523610285,-0.8170472321383443,-0.104107340504931,0.4501871427902447
Case185,0.32080193907585874,0.768283115633528,-0.9197464552498027,-0.00798297442732714,0.2729476668538034,-0.06375619613175829,0.00976517268792215,0.5382514136082027,0.4123209267641198,0.44886113063921096,0.3268125970046554,0.04381486007906129,-0.7025289618149797,1.0999455443674755,-0.8134106107496448
Case187,3.4938408923342266,-1.8225705028500658,-1.145086108889652,0.6080148409350727,1.9709663140452287,0.44125339088191123,1.004102723266033,0.24962465936074615,2.8144480270743832,0.48671803272008696,-0.4747663184176665,0.09790153240013026,-1.076398948957352,0.5904956243925301,-1.3991059067713694
Case188,-0.17561251627882513,0.15424861763921385,-0.24462377374206482,1.0125011011071403,0.790323952014744,1.1306241234971424,0.14384409535033596,0.7666341780437818,0.055452504200826966,0.13817356754116514,-0.5850792976196101,0.4034621589649552,-0.9252156825766547,0.3420964377623137,-0.11007779398423509
Case189,-0.28948412173643256,0.43140570021680646,-0.23739700328810598,-0.9374353947084365,-0.7368925500626395,-0.7901049976048194,-0.3774082265060589,-0.7808579181102355,-0.8256089793512619,-0.5812451964626844,0.4966735687107876,-0.4333015735852587,0.803726323393942,-0.7820353634517435,0.16874489982060217
Case190,3.8160931275977887,0.5796652923441662,-2.034101427210272,0.16163961241159447,1.2831719717286714,0.05200166890160173,0.7240540897894726,-0.41976903757582207,0.6293814655050888,0.421339575218073,-0.2918404284565828,-0.1613636896273111,-0.6794931695531182,0.6178364856162567,-1.0883077408840902
Case191,0.1594893402002411,0.39070498515404284,-0.6568893447582042,-0.787321058597578,-0.06588038661979992,-0.1629772233032097,-0.2538187957665629,0.3071117939147694,0.3980433667725233,-0.2819508398184115,-0.2601927561323191,-0.23042358143439934,-0.3856004306070788,0.5430644685966731,-0.7943531974740266
Case192,-0.16638449987336829,0.6848229878239619,-0.4791150546620869,-0.09163699873580144,2.1959061448708166,-0.3245294085695473,-0.27257228833854114,-0.7818243101604514,-0.4774982500488167,0.2999247134413405,0.11792879153019006,-0.2382862898608398,0.46291494215388795,-0.13828513919027471,-0.21625133515096717
Case194,-0.9129283024624572,-0.8839080892529211,1.6862143524424311,-0.4887456279629848,-0.30525373378736465,-0.5051625605996256,-0.4230883550630276,-0.09868431544047873,-0.6265199038151995,-0.7427932925562593,-0.017738393175063552,-0.36666870328762197,2.946461417208936,-0.7517031965758946,0.8514121909949903
Case195,1.8481970984182619,-0.8685387670035764,-1.0561450716716947,-0.6815135970216424,-0.08428826132551008,-0.5038904961487095,-0.072575538090772,-0.29146892079366926,0.21699868033507042,-0.2094146477169369,0.1717389306712314,-0.38373817600969806,0.1444748253172654,0.19923560281129057,-0.775147474243638
Case196,-0.6886541579997938,-0.45346844637707817,0.8342887208763805,-0.003612499517772281,-1.4581427767253259,0.29089295039527613,-0.26372143775119317,-0.15694934567069477,-0.7673298927683235,-0.22943140326523476,-0.5183537419572912,0.018868989364985756,-0.3549592069620501,-0.24534844620647422,1.5027292162321373
Case198,0.4392350160456445,0.5863740216186936,-0.9330563200955166,1.103987317072271,-0.060685459027459344,0.7936152437856554,0.4329754601157451,0.745609269212007,0.6001354722766548,2.853457655183213,-0.5740813317891992,0.6248367950068545,-1.1585145837735769,1.1884357615262984,-0.8480493783419927
Case200,-0.613968833678907,-0.17198048434347143,0.5308192149764991,-0.20141224012083442,-1.221278510406518,0.1435903093675569,-0.20340619908430616,1.1481676805226095,-0.013481548375206253,0.3403156776436656,-0.5072545621516237,0.18249667052775856,-0.4788404095606641,0.6662167072272989,-0.5042487536510026
Case201,-0.5046905270846523,-0.14994150089018685,0.3329190442030654,0.1252682974948666,-0.19500084200818,-0.10700638746290378,-0.22594966412426878,0.549612961107347,-0.17625172842682812,-0.06711573393308905,-0.5400508098711401,0.07455565061798662,-0.8294095411124115,0.59129777591333,-0.29735309058894255
Case202,-0.6060204836109256,-0.8918530006613097,0.9308966811715592,-1.039936373110124,-0.9663232380221717,-0.31435289296221897,-0.40585207180291344,0.6153898076188241,-0.11777202324363652,-0.9919144363000124,-0.2547976539212857,-0.39619153793424905,1.129036654696116,-0.23923903972827926,-0.11263038193843185
Case203,-0.15616454685103823,-0.573803051803819,0.081477764390249,0.8953394499675256,-0.2046648726444952,0.6817285416870289,0.13216914745479258,0.27071519914470377,-0.35925533598905757,-0.4267950059242043,-0.5860898013211919,0.2823155618535121,-0.5062169150725228,0.004571950762065247,1.3723832023530451
Case204,0.05971569252005083,0.5148427686291233,-0.6232819225731296,-0.6028192974745402,-0.41485941982615243,-0.18841851232153062,-0.2200357037476208,-0.38290718831765297,-0.784430631879274,-0.898733409240537,-0.332497513206859,-0.3213604128102801,0.9904314498962379,-0.9240727235354608,1.5877098192665862
Case205,0.3262230045855104,1.5002180026341476,-1.1703225133869477,-0.24836430119515598,0.6319287314987767,-0.6921560348842841,-0.2196941286875871,-0.9015266904905056,-0.6185449733395811,-0.3494924735023222,-0.16677521311507876,-0.3629505380555391,0.044787445088809455,-0.6488303203476103,-0.14445707339089672
Case206,0.2778966917466144,0.1362998034829748,-0.6466644759241861,-1.0981304769768887,-0.07600288650767431,-1.1882611707415414,-0.43912120950271244,-2.35816693357848,0.2309650061682213,-0.612689232419225,2.349049154428438,-0.5941940925550865,2.3389763204499907,-0.786849530104222,-1.2889179941788143
Case207,0.14976920638848207,-0.7196649132777455,-0.1560913920317277,0.6311602231548087,0.4289411344264801,0.21737004752068748,0.05902365878496901,0.392846840964493,0.1502183406789109,0.3031119874444389,-0.5090768552790484,0.1094622624522839,-0.7552720990795164,0.797995111624476,-0.444047885403158
Case208,0.03923209590005152,0.7133573332892357,-0.6830150964471905,0.19139796097982636,0.6491828992366988,-0.15916102995046158,-0.12492707182896759,0.13764209668457414,1.483569109606413,0.28126416510122765,-0.5086331739256077,0.030467113012266598,-0.9964909751052529,0.8494402840049835,-1.3754756572303768
Case209,0.6904059265771774,0.12077702918975496,-0.9130209443487499,0.25422114129053813,0.5323967018611314,-0.10573432301198774,0.05972939236197908,0.4585697228343336,0.4871610067523682,-0.2961413444460782,-0.36262644406638234,-0.05645454988468687,-0.6953925332704336,-0.07295591516455786,-0.8076761434381954
Case210,-0.21580598838576345,-0.30321276516209245,0.015114161758046698,-0.6583682148019064,-0.5995029630183636,-0.6718030036696274,-0.3469046355185237,-0.4938569007965506,-0.4309141521015157,-0.27340359721968177,-0.06584380420887496,-0.38195768425041593,0.2466880130848564,-0.03316169545761553,-0.153482921622918
Case211,-0.7223458780506287,-0.9012736052695427,1.1832285455819576,-0.08006430762593349,-0.5765683069687336,-0.021778069251528826,-0.2956711877874233,0.557298096239966,-0.31383192546527705,-0.4702762947254438,-0.2268461427188257,-0.04462621515055477,0.1292906442526944,-0.12073588173887749,0.2407270328285113
Case212,-0.6572067756865422,-1.270238947934674,1.2829799188453508,-0.856095908621936,-1.4650932373536538,-0.31689702186405105,-0.35942179692317083,0.6053134533797511,-0.32087136269666167,-0.607077614430532,0.2160519550357063,-0.2593141216529725,1.2325293604540744,0.4171764753881647,0.1381601928041552
Case214,-0.6960180271070714,-1.6437843269048216,1.6405516949841168,-0.8732896211280257,-0.8089510767678645,-0.601839458869245,-0.42138949120514124,0.04048317417263292,-0.3521702313962185,-0.8057792938523881,5.023230816559824,-0.41314383045724123,1.1339222051110622,-0.5005943827033614,-0.03213059121832877
Case216,0.41064206341681597,-1.078400590192263,-0.19438136487198043,0.5470285105117739,1.1748562333925374,0.4344399577792142,0.1889979984909237,-0.04771825993499234,-0.18035120100219085,0.09322714439078167,-0.5573775257063417,0.22402090217512238,-0.5788722293557019,-0.22359772798115082,0.3670582688885736
Case218,0.901204636028987,-1.1723757033594528,-0.4794340503935587,0.799790865041456,0.10007485816051753,0.48195945331122464,0.5363804295817926,1.02071638716151,1.0855844050253782,0.2442432161276438,-0.570823322458768,0.30727845306656165,-1.0907645749491315,0.7639251549135625,-0.8990706167038308
Case219,-0.0860803246953534,0.7948157939125505,-0.601671694433338,-0.004345842935654654,-0.5099552939539892,-0.12863148312847653,-0.21413572514720242,-0.37919753336734,-0.7047771250909675,-0.7660648831841382,-0.2827023513109608,-0.3951437303737267,0.6476744745875748,-0.9718316856081314,0.8220913859862247
Case220,-0.2782582990289144,-0.22144884162247638,0.05070434374879625,0.7856496556635459,-0.044897880571886484,0.3835536529912514,-0.0326453278774521,0.40480536061568567,-0.2620703422478707,-0.05073707725538088,-0.5770748616718672,0.20445843168355932,-0.7529318414971395,0.045984595558678225,-0.009152045300256375
Case221,-0.43215212381765933,-0.08125200533512283,0.1880470716642491,0.10476810181452893,-0.3925425197647841,-0.21767599469259963,-0.27127805664026516,0.2415705954895721,-0.10166635891530508,-0.49332887951294,-0.4882455778220466,-0.17518614040271716,-0.7829306127885938,-0.453604381883319,-0.5905356975698602
Case222,-0.7115450430843128,0.6187570109492692,0.31489836631750756,-0.3283811940119574,-1.3117482561002793,-0.1680654811068739,-0.3223384730194114,0.8433828661123264,-0.29138670422673196,-0.43128436507770335,-0.4140691187460447,-0.09173156389624247,0.8573305364917145,0.35737173741236067,0.3102260323938079
Case223,-0.8129756867581631,0.3775090901033655,0.6519113064141752,-0.6315857010904976,0.27545914479644223,-0.8651568002088661,-0.43761978007523433,-1.192463303388145,-0.9131568247553802,-0.5766119279688342,1.1053722973905404,-0.44783449945516696,1.3848249460744901,-1.6838977583918902,0.8395958605218656
Case224,0.8019235711094138,0.2663818512509711,-1.0298051728653388,0.8394686631324318,0.10258508388116681,1.0251309738523755,0.5724325995404747,1.5446563014340062,0.7943872981023642,0.10289569548377199,-0.5876162765106601,0.37673806737073995,-1.0087853638685904,1.2304346009566676,-0.6443325209554595
Case225,0.3355273130391912,0.9321698099813317,-0.9878305248904585,-0.8997414865220095,-1.0959476005392106,-0.6552661658077188,-0.30969152191768085,0.24303884820646646,0.0269022112748858,-0.7749204966629093,0.25653659751396507,-0.4550295037584075,1.3525452092331507,-0.13404459063728696,-0.5155605305938261
Case227,-0.5940366603076132,2.4084898155598298,-0.6011168505383646,-0.8143730010420055,-1.8985903692328405,0.2056064016945099,-0.2767875255344094,-0.47546404766234074,-0.7588337085966496,-0.924447471241234,-0.42777031496321793,-0.09048012436751507,0.5193275261478812,-0.2835178563587264,0.7056387199946041
Case228,-0.3953926229026893,0.15692385788610022,0.021113059833885884,0.5789177890016907,0.35134242130611265,0.059634055607097995,-0.09558652192217043,0.39840883290965534,-0.16457964847386855,0.529158017952333,0.14238421876736143,0.1706239858209158,-0.3265942474145283,0.14188682200322436,-0.18590472537982974
Case230,0.6673106728136524,0.1012588802829663,-0.8920212610644178,-0.08138690089563261,2.16422205387015,-0.5077066895014577,-0.17054229347345126,-1.6055916115808184,-0.36532837387734385,0.08868594417430527,0.007719589135008189,-0.35070518846585996,0.17902776470433301,-0.5631166127024358,-0.6423538147533108
Case231,-0.8576591164352372,0.41427914189343396,0.7412881357197344,0.317245850782024,0.5493497025813057,0.1494835454565664,-0.27198628023642,0.3995458111897064,-0.5118270103791013,-0.14694094062868138,0.10697503251401923,0.16761804150700838,-0.19273606467270307,-0.21890179359733195,1.0139786597088436
Case232,-0.7695370210255736,3.6093006137097463,-0.714063858498117,-0.31449396468011576,0.15965281510442447,-0.45936824036664803,-0.4184505949327689,-1.221079437563329,-0.9725061382358844,-0.7244440831012806,0.6008037288777122,-0.5063116593683028,1.9503851981374638,-1.069163480665665,1.2939637468828082
Case233,-0.26420037282467096,1.6509697932513874,-0.7400209031326226,-0.08237884584790686,-1.1240434680530118,-0.03577077821160531,-0.16333274615498594,0.4206059619135289,-0.471015424600705,-0.3047901761503211,-0.17342661208794097,-0.21065645017745382,-0.42082371398187157,0.3132710851093377,0.23510808267773342
Case234,-0.7786055075642717,0.3211825742317982,0.6026846091966938,-0.11279849105098849,-0.6140406169718658,-0.04085903601526949,-0.26708885685137396,0.36218215649800056,-0.6998227708671276,0.13935271840973662,-0.442086011620777,0.11194362391486577,0.5181960971445203,0.46351104815022454,1.481627642216811
Case235,-0.7545627369732075,-0.5300832241807601,1.0252240996860837,-0.0059990845227786485,0.01499369214492477,-0.3957650178208458,-0.35565612162840876,-0.1610648469136831,-0.5626235988016268,-0.5161148244680206,-0.3751616690512021,-0.24150187864229936,0.8122453216642329,-0.7509880895327847,0.5383647105271404
Case237,-0.3834911337434867,-1.2243735787356267,0.7518498535814001,-0.6064564289662129,-1.0221394345671142,-0.4453755314065715,-0.27512292806107325,0.46761555606416977,-0.07453181144586829,-0.30459726885885846,-0.10939790059737096,-0.17000716584063222,0.04792344446946977,0.24290953457053832,-0.2679258831510946
Case239,-0.26688269104964546,0.4348563510737592,-0.2653447809616559,0.9664376170235549,2.7566004255362566,-0.03195458485885718,-0.013387695675305717,-0.7117999695719768,-0.45488131798960413,2.164259071411382,-0.5079971691754362,0.3474602266421765,-0.6421189598958297,0.005485526873300298,-0.39955278074351563
Case241,-0.3650437408550198,0.4889807845937153,-0.16973728175101874,-0.043031696074355884,1.0952184026729492,-0.5700378475963438,-0.2985793876713631,-1.2988936671291793,-0.7123114886282268,-0.031214856030757195,0.06785012827398028,-0.3071017100595294,-0.6485272440073069,-0.486170772217369,0.19062154935798817
Case242,1.2743978342046554,0.0638552435808304,-1.183374174174499,0.8824529443976558,1.547337344007212,1.1218078721219948,0.7123141408395356,1.2178273585272181,1.7172813661667308,0.8300663010032177,-0.14279296584433426,0.4678299788866989,-0.5291563150134212,1.285002787923397,-1.1420833014159337
Case243,-0.8282549853679189,-1.7270253744077295,2.0602427834210117,-0.16701097082485705,0.47018871542189933,0.43325888817305364,-0.33959960249445437,0.4309346489458964,-0.35580289756186984,-0.5880376179729915,0.7187259165944807,-0.07256459472415405,0.3878622599517851,-0.17412321564567154,0.49318875777357235
Case244,-0.9413028463116215,-1.0564070637497454,1.9036778557187317,-0.28804209928613184,-0.18056181571826876,-0.601839458869245,-0.4226368843545584,-0.47816426359971337,-0.6790560226401724,-0.5246469623834162,-0.0650478491386637,-0.3132519494349618,0.4860085349574287,-0.8132989534976356,0.6836041899274887
Case247,-0.7150127208306627,0.893591809241609,0.19341801171527895,0.5577562966865032,0.6437146171271778,0.39800319955076574,-0.18244308124225805,-0.06471633295595983,-0.507823728792922,-0.40340414128309093,-0.5648165337609512,0.28059431203503604,-0.388494710816381,-0.44920948143104866,1.1002565583910624
Case248,-0.2871206254681,-0.702926625099846,0.3108246126543423,0.3871417648953074,-0.2286048459677199,-0.2024112212816071,-0.20205897649890583,-0.2782965327587324,-0.04238975436470726,-0.5093074262228452,-0.4210625180232036,-0.24277571007050225,-0.6650260580105908,-0.3510100079325921,-0.6277398665469046
Case249,0.15430611765915028,-2.0242324870773243,0.587233725493158,-0.9559517004842253,-1.6200208081521859,-0.3932208889190137,-0.29629779933917366,0.5646280285169959,1.7753591979993253,-0.6169007010364634,0.1628683209277411,-0.37247622157054444,0.3149250428883936,0.7440160422123703,-1.248954306457909
Case250,-0.4964217834267971,1.0222324553614337,-0.22078895504935,0.630498926519959,0.6823181512870413,-0.1846023189687825,-0.1783834912991577,-0.011637434135124088,-0.3359250251738013,0.2716170300632391,-0.5092463396621313,0.03566307206618714,-0.510632880786629,0.13633790199774082,-0.5386841457386372
Case251,-0.9591251442857149,0.05440533891959303,1.229199375842361,-0.4434468084757872,0.1854751038072416,-0.0930136785028273,-0.32657312610463973,-0.18909622887917718,-0.7785249220754645,-0.17532887666552183,1.169786052250454,0.12170358670686149,0.01428591122009401,-0.16765221148970283,1.2101488143953327
Case252,0.5510540241541367,0.3002899787113882,-0.8977417918053895,0.48567496348789724,0.8125377339306112,0.576092222679012,0.24910754127864004,1.0449670588500242,0.8149114936227694,0.3196980519231467,-0.3218107225586236,0.26300408458281466,-0.6725749097698172,0.8035271564354644,-0.8499621836038397
Case253,-0.5384090928749782,-0.7971974346036648,0.7478769974352105,-0.5135442517698445,-0.1460094096893729,-0.5064346250505416,-0.36492834283300385,-0.841662416700024,-0.779569761172117,-0.7848744895793877,0.10974977548643071,-0.4366239024717496,1.1124523721758695,-0.9486807823074528,0.5053294641356945
Case254,0.1946804286684806,1.0646777284802118,-0.9349307292061388,1.1739233513549292,2.5306786363466296,0.3427730555355171,0.20553502637720833,0.12008298998510947,0.032841505825850846,0.5982362967366759,-0.5845642027594892,0.3621972536154815,-0.9294506309741194,0.05162408233243572,-0.5360435503429333
Case255,-0.17077729860780008,-0.7790240918430322,0.20615002127081547,0.5362641560538913,0.9912246105250998,0.18556843624778635,-0.08332829716996135,-0.1475072288397015,-0.015414815199254132,0.9898926847496555,-0.5145550530242283,0.18087195944578738,-0.7070591915588158,0.41644926713490005,-0.49010330265445506
Case256,-0.6414789740267091,-0.38979196915578085,0.7026676902676725,0.03424136463569046,2.7266868794907717,0.48490793473138993,-0.31504490304472704,-0.789361078118372,-0.7172572642935433,-0.4729234353430142,-0.38195024920321724,-0.1726608825705687,-0.3114854441547328,0.26354410447689397,1.1847131774210113
Case258,-0.525928738534623,-0.1273894787489351,0.3554230824897303,0.23537418719732445,-0.48676422899830846,-0.20368328573252314,-0.254270343718184,0.37560742865375063,-0.3910518361237172,-0.17650444268422247,-0.19445878247433368,-0.1330798183775121,-0.18344057190550453,0.20689042301027974,-0.19451405625825688
Case259,-0.6247048816703997,0.37261650765188886,0.2723890768732177,-0.4130271632727056,-0.2014371015668379,-0.48608159383588495,-0.3451814132589058,-0.604958902113076,-0.8805465125955392,-0.6416699373248299,0.128328453701877,-0.33910569196703993,1.7670362008959124,-0.8035623032189758,1.0659153349614219
Case260,-0.811852877127898,1.327788317507502,0.195593469557257,-0.39517215413176654,0.07748193811041017,-0.689611905982452,-0.4117551712704342,-1.2336126703693249,-0.9967095929510082,-0.7258237968938458,-0.08558881808496183,-0.39888039185422786,1.0151581774747325,-1.3448801569153486,1.37736322590331
Case261,0.14705407007068294,-0.2547251033734868,-0.37342099949017904,0.44533586876207165,-0.10850740941985121,-0.2431172837109205,-0.06679275012369798,0.006930762209943556,0.10064109750356631,-0.059607382277406154,-0.48690855576132186,-0.1038942931956835,-0.9326062843066103,-0.01319793853139433,-0.6571252475513187
Case262,-0.3280293317135801,0.7749069423186543,-0.3369839820703333,0.4936105231060923,0.13524532210071488,-0.35124276203878424,-0.17707145767031135,-0.423614726059749,-0.4675524701345308,-0.1806028961334968,-0.43882194916172224,-0.1659534219183259,-0.3839214520301972,-0.6924202875553502,-0.4368198316394256
Case263,-0.3532673384320542,1.4791590307404914,-0.5812534596732402,0.8579849689082207,0.48152687180385056,0.017655928726868542,-0.03376026473315987,-0.4874903458130087,-0.4555847696926951,1.1192835721613517,-0.4750784350109456,0.12230425781704667,-0.05417937038304853,-0.0953611593466835,-0.2544522802315934
Case264,-0.839055814024591,0.8893572345166041,0.45747376169195714,-0.6623359946110038,-0.18699341893939772,-0.7099649371971087,-0.4119567638007185,-0.9809146946305207,-1.014897024648452,-0.6977668263640876,0.4424132510865141,-0.37171235337056246,1.4984059406113694,-1.3799117244336854,3.0582653284986927
Case266,-0.48244420853118974,0.5943757344193574,-0.05724020250637598,1.054390069458551,-0.5699167965435161,0.10034011803641141,-0.07823709697911758,-0.13867783522942775,-0.26988494285156583,-0.06594724398248657,-0.5213954835651307,-0.012362501235592219,-0.8500056030426014,-0.1026860067165264,-0.5966521343157253
Case268,0.8596987835685692,2.367087464838094,-1.6976496524849354,1.3854319197318474,2.8266698302804114,0.5809425895233495,0.5867413825394026,-0.298674038324978,-0.14522522785767086,2.959601198171938,-0.4929792503718539,0.4465201868754977,-0.8783748129780793,0.7047360970788847,-0.7521059319775801
Case270,-0.5855203281017138,0.5017134418230027,0.1440552755719799,0.24959206484659102,0.2500786261589178,-0.26983063718015743,-0.25815173044846695,0.14859783300257834,-0.3562392202278253,-0.25041334967013623,-0.4675324346412706,-0.14011482423628072,-0.3880871778391717,0.11153777492909826,-0.08159214616158719
Case271,-0.5095502493846317,0.9456969050053156,-0.17013693397166252,0.7799519659959682,0.20524390401113696,0.08889153797816701,-0.15460822588727338,0.15145505871432796,-0.14643003069268662,-0.10952231729121208,-0.5502748258970446,0.009773437341894942,-0.8862344857078963,-0.36755867389119756,-0.44357790487119986
Case272,-0.7796356929134274,1.2565211323022587,0.15925378476579383,0.5220462784046251,-1.7374428381295155,0.09779598913457932,-0.25730659588891647,0.04718678699354988,-0.5493088865751804,-0.1669164425844993,-0.2894761450310274,-0.25593679744109027,0.4038332139456692,-0.126533267613406,-0.04395933761016
Case273,-0.6080158416695227,-1.7392115246122144,1.5124127997916599,0.6311602231548087,-0.8832302308623133,0.5341140957987824,-0.13505332869228964,0.6189391089238784,-0.17819931528579389,-0.07546278165709103,-0.5318882480468123,0.05137589667674909,-0.6767734663970632,0.12421322917305175,0.04646405934161611
Case276,0.17471521626958278,0.7370012087085744,-0.8018845227550532,0.7247544432305526,0.8784643643876414,0.18014741060741404,0.13825786746892482,0.18977211883521566,0.002804090103336145,0.9949937912971009,-0.5253315707657285,0.20774801103343155,-0.8799728678414525,0.3728395476423283,-0.652854619754811
Case277,-0.24001303493326384,0.8844204891240185,-0.4811849608867483,0.153492877012544,-0.1764713760083605,0.7535719219662675,-0.04178305826957777,0.08396610641965442,-0.5626482770250161,-0.5010477351678229,-0.5378036202814692,0.09417957132489929,-0.1825812194458318,0.00390588290839317,0.6261113357311495
Case278,0.6354006827262471,0.8868933211936844,-1.1560548451402932,0.4869975567575964,0.5771198775846543,0.42980481082366684,0.21731389768447681,0.6737019816106563,0.05290343790562605,-0.21972937571442194,-0.5027926303475503,0.03599344596512605,-0.6776766977364761,0.44604233840915564,-0.4318878150393365
Case279,-0.24744069309863023,-0.7465358331028131,0.2830096276490299,-0.48510849647131177,0.1499864539499422,-0.5840305565564203,-0.3451230692260947,-0.8054996791431591,-0.659968102063575,-0.6356357874382472,-0.2065709828142841,-0.41384949558118483,1.3587996621357148,-1.4656310769608,0.3845409977268552
Case281,-0.6143178135590514,0.07398108464833221,0.40263738998472065,0.7236739432967805,-0.1915799685628964,0.3917612016506286,-0.16368326261373564,-0.5223538449144747,-0.7252462138588228,-0.23474936826557363,-0.5137230304765154,-0.017952493626512887,-0.24070012001827737,-1.008792691899362,1.29003500350415
Case282,-0.6017430853506037,-1.2127968732719232,1.1282618860648537,0.21917241964350936,-0.5437306189277118,-0.006513295840536297,-0.2131319379548863,0.28064607043905776,-0.40430444765476,-0.21440557717102568,-0.1800040055207264,0.0016666852603634506,0.15547252895908695,0.24194519649270893,0.5683927974129858
Case283,-0.9501085758589772,0.04462440643186744,1.206627063995691,0.6179342904578168,0.955498174943063,-0.0014250380368721206,-0.28664153118465113,-0.229428903439396,-0.6649156190102263,0.38332895622040924,-0.5496977615600949,0.2262678306232677,-0.22545894735668653,-0.5180818664468488,0.6628340487500285
Case284,-0.27274984025764754,0.9335612018268638,-0.4647040101420862,0.7171287856852564,1.8169090551221565,-0.1362638698339728,-0.07147437667815888,-0.7215739807026565,-0.5471837860370876,2.3750350120218204,-0.4774897169587874,0.28628927202422216,-0.43001364015246896,-0.2748677424788997,-0.2927854690340813
Case285,-0.6207031829840951,-0.6790769888898197,0.8301877112459568,-0.7211913951126182,0.5261838947819246,-0.7290459039608493,-0.42806453141897965,-0.6338685203775271,0.6982559053052054,0.30897506755464305,0.21012232711410478,-0.35660950715931095,0.032474590562305124,0.4931243654291745,-1.08808029736191
Case286,-0.4006999723171862,0.10394520223122908,0.05345435881809866,-0.27812264976338785,0.5347997283528984,-0.44155933805382336,-0.3052385460924788,-0.04656363771427555,-0.6174336140012195,-0.5729990594199312,-0.05135314067110807,-0.2708612526111282,0.7180280033398266,-0.6153544789652062,0.574459280894117
Case287,-0.8156034872438573,0.3893215561947182,0.6519372199482905,-0.1296615552396533,0.4328573321978039,0.40945177960901014,-0.3445467359868104,-0.1896354620201688,-0.5620858442893831,-0.6713325928053998,-0.12404520906792889,-0.16101516778330222,-0.8774866468810946,-0.8829337091377132,1.1671550673733349
Case288,-1.0906337677333768,-1.3048621744608184,2.7135830710380877,-0.9423951194698085,-1.3370379425492556,-0.2024112212816071,-0.42980101849589664,-0.24189798225570888,-0.7411642276295886,-0.9910068474142307,-0.2479767042546728,-0.23998111713781126,1.1814779948503813,-0.3388222761268715,2.7022103398435298
Case290,-0.29066678965446574,0.8826197634317201,-0.42428858261784486,-0.4632857075212752,0.9357688199659221,-1.061054725649937,-0.38991177361684126,-2.6616344907123564,-1.0068245623290148,0.36921796139296037,1.4707194470604799,-0.4918544606023148,0.7284666607467164,-2.585877550387353,0.18095300978147363
Case291,-0.11163393521355269,-0.022426675505828258,-0.23330956933422428,-0.27418732127841217,-0.4689972831121485,-0.33374224839777594,-0.23217659287521095,0.10435485842233419,0.2458218529592748,-0.17394504690113916,-0.4448873111550772,-0.16251587093487851,-0.37101536536408364,0.00920795331016739,-0.6040104774879447
Case292,-0.48733587429981917,-1.2656310677106424,0.9486839558544795,-0.09957255835399655,-0.27810149036615944,-0.08029303399366686,-0.17339556036865483,0.3779082452163375,-0.22783298406477806,0.25680959674327297,-0.5375710199379524,0.1481646172877014,-0.6229920245826374,0.039047704728728004,-0.23420652784740584
Case294,0.6859264029397003,0.09537705884299472,-0.9006642963600072,0.7455645409837891,0.04820114571288171,0.5977173183445846,0.49718267695239565,1.1235811526935826,0.44480431769558026,0.6162022265515872,-0.5895061125751051,0.3808495445789612,-0.9591932839628832,1.3576438429214748,-0.5882032266674158
Case295,-0.21322661433694284,-0.949379939961487,0.3516416831706959,-0.3442523132483476,-0.3465638441544576,0.16903159838587778,-0.2681753919621194,-0.10731883458763586,-0.2908979420354885,-0.822410891026509,-0.3681781021399194,-0.3290243461431884,-0.17589849044173528,-0.8110084975862735,0.22033387692300002
Case296,-0.6393537754516243,0.5525802032377858,0.21223611611002868,0.2079303768510663,2.6394493277773763,-0.8422596400923773,-0.37654848700434335,-2.91006972687465,-1.0144851196336913,-0.40414408564955695,0.4929214839775533,-0.5013457661000373,1.1218945727378202,-2.2904495062486268,0.6930291536728913
Case297,-0.19288538404810965,-0.9119599785187315,0.3054158301524098,-1.2469222198180483,-0.05478051588388533,-1.2327834265236028,-0.4629777877709176,-2.2359351021819416,0.5030928781160551,0.21928217329641156,5.222186700239441,-0.5533369475465212,3.8059315827105125,-0.02309507541400957,-1.1185130945213497
Case299,0.7088650049538062,0.26015360504278723,-0.9761892456592941,-0.2119929862784281,-0.14677909999702446,-0.2774630238856537,-0.023356249993471325,-0.1975151055532055,-0.26643420537943413,0.3981571475919403,-0.29591219868503865,-0.1708662058587722,-0.42925862634794765,0.231003392692022,-0.2961811682482094
Case300,-0.7734154064356241,-0.4208365915383998,1.0037471840594154,-0.4100513284158825,-1.3867498131955505,0.43870926198007915,-0.24436439809501462,0.6866512738525715,-0.5806632810273857,-0.45381448164470695,-0.3011689911508312,0.08283646642686805,-0.07170137253238014,0.8148644622471088,0.8054367284627925
Case301,-0.1052082649952851,0.24950188800223433,-0.3601766210901775,-0.4950279459940559,-0.9623477993848315,0.11051663364373976,-0.19398598287510033,0.8588886723678305,0.1070321298792181,-0.39088160753745216,-0.41401063109485187,-0.13934572503124476,-0.09175278605642687,1.0070658988670111,-0.42062205898995314
Case302,-0.8210912771405536,-0.9345073212614796,1.4517037436312705,-0.6583682148019064,0.39473697849785516,-0.7265017750590173,-0.4480688537371402,-0.2554827517355476,0.7326117078794504,-0.47739388558502815,0.4937333881966565,-0.4053680049100993,0.0402445590546841,0.1448822464446994,-1.0047396659829673
Case303,-1.0533016276933644,-0.39451199777260776,1.8537124410208226,-0.17892815453594824,-0.25247058991501614,-0.6132880389274893,-0.43757205985569286,-1.0082736889720412,-0.921970571984742,-0.8486820961643183,-0.3419060119926239,-0.363721398881966,0.2399556193343487,-2.011981464884718,1.4166273161760565
Case304,-0.2964144515251792,-0.08899895102881192,0.009002797119377957,-0.7139171321292724,1.1805380571296022,-1.090312208021006,-0.4297885225868935,-2.4482720999666876,-0.8978942651193293,-0.5517876237883629,1.6647921421023846,-0.5463781982076311,0.32510567799566653,-1.9798442334608033,0.3839413408503575
Case305,-1.1804936517216047,0.7503877573341651,1.7085897123050438,-0.11279849105098849,-0.591081199539307,0.10034011803641141,-0.448876986507194,-1.144247675374028,-0.9997418003488145,-0.9737466671010996,-0.18485058992798897,-0.4365764734499872,0.6929841717354143,-1.2869822352722216,2.870348837479506
Case306,-0.5516751143350407,0.9887539206463244,-0.1260468216214234,6.676072762314979,-0.12476265915788613,7.477041868898551,5.310721662956553,2.9933890166094437,1.7298397988427117,6.3165492619065295,-0.6777020280038105,10.696954690637769,-1.2694299702779046,4.2747086737244375,-0.6124182285295785
Case308,0.6781571718023384,0.6754793929541667,-1.1078981026339143,0.8692270117006637,1.5508179408558616,1.09763864755459,0.35845806216207665,0.5066887611947956,0.3090836844407797,0.508705626729847,-0.5731431424165951,0.2739384010253977,-0.9992421405810737,0.5900281130989873,-0.6629790748190375
Case309,0.4473525997596549,1.9546179928528193,-1.380980975986183,0.479723293774251,0.9511520848362561,-0.0586679383280941,0.1934484115540969,-0.2779503731798022,-0.11298046723278922,2.2178561616934007,-0.38607832231360256,0.16679222948288394,-0.7890675867216725,0.6940450540190773,-1.0088436981849709
Case310,-0.04909224858938964,-1.2394440437735257,0.32174188526699876,-0.3137065962655449,-0.5958370656327276,0.30208547158150384,-0.18042748316645554,0.5843361919990898,0.0094786957142499,-0.5891829367324045,-0.4516887494795031,-0.20489843630536267,-0.4425970462478766,0.2791208317234283,-0.013603476739801511
Case311,-0.06587105201633,-0.5669093928976511,-0.02155728653428731,0.935026026868199,1.1294668078317374,0.17157572728770987,0.08329093270895668,0.5545754074658712,0.46534668328439693,0.3887850072616339,-0.5829507559593069,0.25503990810371613,-1.0291726910103243,0.33567418217015355,-0.645389822681066
Case312,2.053568115270164,0.9040351187606791,-1.7265777739134194,0.8058044505899327,1.0587512824589835,0.5970020926535544,1.0976440451977345,0.47807176987858313,0.19795217832839215,1.3908028674690116,-0.5730942429961021,0.4829264699631819,-1.0398881927422607,0.7750139006800403,-0.61644407760033
Case314,-0.8548002927962588,0.20799382599749325,0.8447327798752318,-0.5823191017942028,-0.7344840381904958,-0.18333025451786644,-0.38726747984609955,0.46239368002493597,-0.3904213832958056,-0.6210844518668555,-0.37847541186505523,-0.20646719522977858,0.31998968468940214,-0.2259304824241337,0.21976867452966006
Case315,-0.5164257977895199,0.05872682577268504,0.24586736952032803,1.1767299469057266,0.41788728543500475,1.3088013464066532,0.02629188538255335,0.554662349068725,-0.33047214952099707,0.2598731265353321,-0.5982917642779064,0.5362658358541705,-0.8777174629248926,0.09895091802339628,0.2919404380253662
Case316,1.2600723179684576,-1.141144224589941,-0.6870379987518856,6.853961557089522,0.2594199408507441,7.26842329894832,10.711549899365721,3.9633927822420234,6.230049242500898,5.02270514856482,-0.6996283295432573,7.760005590580234,-1.5771834648022467,3.601869761533438,-1.3038077819851424
Case317,-0.6183380169715693,-0.029008519908740163,0.46310858642025016,0.4955944130106412,0.7116921450453689,-0.04085903601526949,-0.18834205002069052,0.5466410664811024,-0.18921413341951868,0.1618032427812107,-0.43228749022319285,0.1566765317166695,-0.6220425340676011,0.08142479918077848,-0.1836330261711324
Case318,0.09709925106727686,-1.217906150845946,0.15544760738213353,0.33258479252021556,1.4453647534267686,-0.2889116039438981,-0.07447307129267682,-0.060822862822657905,-0.023502158399900514,0.48437270590801756,-0.40586651743657254,0.012031352439375415,-0.6860602044912472,0.2242715116197111,-0.49797571060505685
Case319,0.08916442349381616,0.5312329221427045,-0.6546951163530813,0.4724733692839969,-1.330750623217417,0.5715449649421191,0.247816894674903,0.8402027796639329,-0.31546466583080157,0.061990733351632195,-0.5910557579913546,0.32291643128174463,-0.6550521948006932,0.5422217258126313,0.6885626829047895
Case320,-0.8841239175652472,0.06876774852841357,1.0000004902915702,0.38482722667333363,0.8248769060257802,-0.1222711608738963,-0.3200395315880146,-0.03676384977830025,-0.5121211850645556,-0.25087321565388876,-0.18925910252471023,0.03443194299468605,-0.9226962332636574,-0.7366654236717097,0.6196103704886755
Case321,-0.7141185352031387,-0.6246286081810044,0.9909676421679948,-0.2219124358011721,-0.6424664306153673,-0.36650753544977677,-0.32413529069645364,0.2464059804583449,-0.3551730026340953,-0.2601213671423851,-0.4568370951530336,-0.14091101510993606,-0.3959221437823567,-0.21485997227645318,0.15258365663192372
Case323,-0.6856248923858854,3.8055577260332285,-0.9023164669306319,0.2862940280807437,0.6110696843637862,-0.025594262604276958,-0.26718256056977774,-0.41763194656920977,-0.5974171696075172,1.3777989642627937,-0.2364951721213613,0.08169771487293065,-0.26384088312631654,-0.19827474087937588,-0.07599944519466698
Case325,0.8270732768898136,1.5840771084131153,-1.4711991646122669,0.1517201628888505,0.05518048631188307,-0.8460758334451254,-0.1640752535031442,-2.597524817136922,-0.5231980234949726,-0.7583319717764254,2.8639893232571483,-0.6230820508700667,3.0331164014196506,-1.7940492617199004,-0.6692510144027192
Case326,-0.3683187481204662,2.5410967539508493,-0.9226136263842338,1.086025670619975,2.245806471643265,0.3888670686872286,-0.047331627260204616,-0.2246461467643175,-0.2955345439505898,1.3085703022643533,-0.5459454144374961,0.31634587321803076,-0.9529591121358237,0.214313487203267,-0.28154271360695093
Case327,-0.18830185708423297,-0.1986275125372867,-0.06754504098484436,0.5408932324978388,-0.34301010699575873,-0.08792542069916312,-0.04496022844873138,0.07493303513090974,-0.19641605717613994,0.27528608955898476,-0.40548566444622075,0.06175336146246242,-0.9242458799025026,-0.3324459969028488,-0.5726432139552899
Case328,-0.6941240461722835,-1.0502810409329968,1.216581241847615,0.13783293355700882,1.277179667657232,-0.372867857704357,-0.29030925781670086,-0.621707279523082,-0.6228652317437741,0.9109608324040444,-0.33714969469394335,0.0518402145616762,0.2526459240578978,-0.27919716037720715,0.45146340260104034
Case331,-0.219170578875032,-0.7258747663839614,0.23634112822925504,-1.2746966784817313,-0.981488352425556,-0.9109511204418437,-0.4282291728907977,-0.18747393044950716,-0.5122502119849661,-1.1227193276251843,4.16738176982945,-0.5655351674817658,2.215824585799932,-0.950795937603258,0.20321635635698918
Case334,0.07324125566778227,-0.0552806177860552,-0.39732553168242496,0.030041582076524714,-1.236276326021267,-0.04085903601526949,-0.02134621712731147,0.621836018795888,0.08696807719720254,-0.2839643389703168,-0.4792391041339032,-0.06303009253002843,-0.6992958122104943,0.5526769379807839,-0.47423894032001
Case335,0.3633998295930059,-0.2196071208544471,-0.5612330560670719,0.8058902003885619,1.0608862859310209,0.35639091542521867,0.20936211628783855,0.16064006273562118,-0.3290979519535847,0.1582092741667136,-0.5898083879744859,0.25028064850903176,-0.7926766976544475,-0.21349769461336054,0.14286935892565555
Case337,-0.9833639933151438,-0.48055685072324106,1.6463651691270058,-0.7740951259005859,-0.5648983515801901,-0.8537082201506216,-0.47266013479820673,-0.8325260166420775,-0.4982017985840256,-0.8469372479437037,0.2255684677138253,-0.4865907928272887,0.6283534569690452,-0.8551133991048218,0.36374494207207997
Case341,0.0975523329115429,-0.9402480207834936,0.0049893198295666635,-0.18223463771019624,-0.20874518289032468,-0.04849142272076575,-0.11281246961000262,0.6236124099218988,0.32901769446182566,-0.3061178141891768,-0.42264536271270287,-0.10674283378643258,-0.45684594741316986,0.5355127950621883,-0.9173584696146297
Case342,-0.8571931222528677,1.4743930870181903,0.2321099140300946,-0.7998856946597201,-0.04274084479168586,-0.7951932554084836,-0.45967244923859296,-1.2844596764953033,-0.9128165892959647,-0.9081132988629775,0.12357984973128484,-0.5106103844193463,1.0276288479902422,-1.6420951828411139,1.483091045054253
Case345,-0.4359733341940232,-0.7636132779609331,0.5581890996070826,-1.1768247765239908,-1.734378353892792,0.20719353191335912,-0.24658587042326377,1.2493011625829453,-0.076171898530513,-0.5289385390365705,0.770484405809872,-0.10363127822577464,-0.3878560662679082,1.3755194131022048,0.35335422218193513
Case347,-1.0157819501448873,-1.0886835291899417,2.2046823603905676,0.814670039325572,-1.1995542455555304,0.2008332096587789,-0.2858561000325822,0.01600593434943335,-0.5151050052245864,-0.3108039933175244,-0.5498964676650979,0.018832618259717156,-0.5921331776210925,-0.4217234916930647,0.7829186476040918
Case348,-0.27807859999367257,1.3577754245185263,-0.6204740951091559,1.070922485329791,1.3068595978059252,0.17920811399320613,0.013983378272223576,0.0066905706186742115,-0.3129556015750318,1.0505579430541938,-0.4981923925893732,0.24506649258000437,-0.9010130354857697,0.05604415538327599,-0.2800271761445116
Case349,-0.41591818430447264,-0.387926841797669,0.32149591698472074,0.9340340819159244,-0.16405339515234316,0.32931171920129937,-0.07438808384224697,0.10850457760103266,-0.029498270934408564,-0.30030656857749166,-0.44946079937494726,-0.12958598533691218,0.370845333437874,-0.19897552610773997,-0.25535002415065544
Case353,-0.26507206582912524,-0.08305952412781333,-0.032487990498857124,-0.6616746979761544,-1.640811201990727,0.17666398509137404,-0.14529921037016275,1.2100246578558986,-0.2292003744923469,-0.25759495272314525,-0.3536662194481901,-0.04240665154915296,0.34517804431552385,0.9537111918148079,0.50150795879264
Case354,0.5351468688509031,0.014701104693694738,-0.7766691659487202,0.5438690673546619,0.5459844249122591,0.036736895490609205,0.16041114788936112,0.059833777535733185,0.33924296400173737,2.0939784644859434,-0.5043314426651069,0.3397969014094957,-1.1236483791585405,1.278553081307152,-0.7717970220328743
Case355,-0.5512899947674145,-0.537088099799138,0.6197224043865533,-0.13991165307982215,1.1558383628195594,-0.5369641718725267,-0.3384761944631603,-0.31997635948744574,-0.37329976054219177,-0.4109143849534004,2.450364021089857,-0.23680209765953888,-1.0998813207135212,-0.5677721785061117,-0.05266195894630037
Case356,1.6902709840912298,-0.24997569965028066,-1.2360661190037203,0.9287437088371275,0.1318992604405803,0.12705347150564833,0.7214898905973688,0.5825178086729593,0.9712299742958117,1.0669939704549978,-0.5625323720237483,0.24124561989225415,-1.0454142943074416,0.20479650952079742,-1.0525681974041643
Case357,-0.7670874043917633,-0.9635309788447444,1.3311733044509548,-0.9529758656274022,-1.005676598313268,-0.8855098314235228,-0.4579597621219537,-0.7488038789963054,-0.8193327697179567,-1.1685966805768644,0.19349155157687886,-0.5657962277555729,4.51832923715159,-2.162579705521889,1.475543055499592
Case358,0.46681721941245397,0.43728970575300585,-0.8959004475597101,0.12096986936834438,0.29584309170057144,-0.09174161405191125,-0.030041655243288754,-0.4577916842075205,-0.14671062945276966,1.3975508106924646,-0.2895915857031628,-0.10833878356163758,-0.15794786554540116,-0.004468650981514076,-0.5852632613423518
Case359,-0.09468354524395495,0.737612196210271,-0.5711756280020698,0.912717335846712,1.5771849178444848,0.528649746674303,0.1594874350156748,0.37866476800020576,-0.36427399666093246,0.7629398121258698,-0.5936118544747478,0.488031440240396,-0.7105281750867943,0.5203694309093495,0.06356196677443947
Case360,2.2047347773632837,1.8547850623146385,-2.014371696109095,1.3893498520468022,1.0653405414765469,0.2635364217605492,1.4376048740727685,0.4738250471990878,-0.01119394806192493,1.950420621958814,-0.5933879660660989,0.6559557747418479,-0.9599546946265692,0.6452520960098684,-0.41701944061308993
Case361,-0.06766491722281151,1.3607102520678096,-0.8268377228003448,-0.13230674177905155,1.4748446675910518,-0.45300791811206775,-0.27755816311134945,-1.4212507945748791,-0.7650745351796725,-0.22312163350160835,-0.18090242967930062,-0.3497741628282953,0.21324643108472016,-0.9652116714066977,0.11660043199172662
Case362,-1.252107363476895,-0.5261739765968239,3.048552955875864,-0.33889667426021525,-0.3649463962633601,0.0635508712455143,-0.455208433829483,-2.0316660337003425,-1.0078783965678737,-1.0422791163912453,-0.40567598886958856,-0.23167316964969037,0.7139289021605023,-1.9280015489653306,4.759036872200136
Case363,-0.6550645555830545,-1.4816990822633982,1.4264897247576647,-0.4599792243470272,-0.8678096242589686,-0.07393271173908664,-0.35153875838610293,0.44094421263383343,-0.11767194680444135,-0.665060938540497,-0.46303703038663535,-0.21682391833562112,-0.3438672614154858,-0.5060966132058887,-0.21555467347529983
Case364,-0.29770552953936374,2.2178606383833133,-0.894829489233135,0.07302586334174856,3.752895390849946,-0.49244191609046517,-0.3140316738820951,-1.3916360581462313,-0.6861842310865705,-0.1943927008604767,0.4843962590708347,-0.31772101776932987,0.36075503638563794,-0.8042381604269392,-0.1352754231889157
Case365,0.22130516607503642,0.476505907681092,-0.738826600922362,-0.11610497422523648,-0.1581289012123892,0.03037657323602898,0.07158693162690802,0.6730084133141228,0.3591934907537582,0.8973436754891922,-0.3966778879718363,0.2233006569984657,-0.7384173902459658,1.3499100975493685,-0.6981157743702883
Case368,-0.9515232434240488,1.6069164728409393,0.4089690319420881,-0.9195803855674974,-1.1398917765031795,-0.7163252594516889,-0.46604352416394523,-1.0668469288193523,-1.0208975316579267,-0.8133207658042445,0.5197059902745701,-0.5301471615576083,2.523974496250408,-1.0344065620845122,2.270548079406682
Case369,-0.8591316778363566,1.5139551988525735,0.21935566002405338,-0.4355112488575921,-1.658890522040857,0.025288315432364806,-0.3328377579670041,0.21237203220714568,-0.5282767007016015,-0.7256615486242532,-0.4861608793082853,-0.12307752495743578,0.12715613152339886,-0.3765839491477336,0.7889661373337749
Case370,0.32434019383508506,-0.19881413795871647,-0.5410900025727304,-0.7899662451369762,-0.0671824069524959,-0.8486199623469575,-0.3722061491129273,-1.3584430707976831,-0.4927791813805712,-0.7457372127841135,0.2609726682698485,-0.5275834287029073,0.5031519369082665,-1.2276809148818695,-0.37691541287687647
Case371,2.0029491933857217,1.6625606547786027,-1.9141568815567551,0.8493881126551759,2.5869012261009776,-0.04085903601526949,0.6352426002993707,-0.5405794875127968,0.8880194877201515,1.2716857978818432,-0.4824322168229267,0.12968491209283628,-1.035898861029899,0.4528391221185785,-1.2968621280741086
Case372,-0.09745144926394586,0.4731853793138357,-0.46214228999083795,-0.6352228325821705,-1.3463384838845485,0.2746129478119094,-0.10940483459295541,1.2437086832481306,0.10647616554329521,-0.5957721397780169,-0.18451362824030304,-0.054178420526671135,-0.4939891449447961,0.8704466380553011,-0.20840032061770977
Case373,0.6844179187432375,-0.7662751723791763,-0.5380203109357254,0.3229959913148965,-0.3117265753968361,0.18175224289503822,0.33079221789405244,1.1328869343799925,1.3038503508530133,0.6929788764378078,-0.4811648876880098,0.24645805150657632,-0.7013189696835737,1.0472888257140944,-1.072869683639358
Case374,-0.2033911006477359,0.9496689705706554,-0.5455136347764354,0.24297909849809504,0.596596024723388,-0.049763487171681796,-0.11461765352214869,0.13608411065061093,-0.14628220787092072,0.35646631060773165,-0.4541765867550042,-0.007638913114003007,-0.528367751113231,1.0158923370214747,-0.515016355602603
Case375,-0.18654558203254964,-0.44686883053505616,0.05220689312364336,0.280673006684522,-0.6206590821750398,0.15758301832763338,-0.12022346498864399,0.39826201832680236,-0.038135516748751624,0.16325560518047674,-0.4949379308982368,0.05089268045518171,-0.5901821272147387,0.8150642464491078,-0.2140521895866401
Case377,0.14645604540228666,0.020368716286972736,-0.49364028053429837,0.9254372256628796,1.0940377974452244,-0.11209464526656795,0.1262538514390652,0.08134590504363912,0.23616358094500123,0.9387184682688678,-0.5534245606572734,0.19725099310242045,-1.0269437732555287,-0.014638263095244398,-0.8507076088900349
Case378,0.7732268146677127,0.4011238232379283,-1.0632341349447585,0.7832584491702161,0.17702230197944988,0.203377338560611,0.4853576890241162,0.1595072961337003,0.6796522324280734,2.885802356144432,-0.5117937457269609,0.45186218405139406,-1.1668810204508773,1.4088577713009034,-1.019363273183664
Case379,-0.8086404823105251,-0.6954755345881352,1.2610709879148136,0.6136358623312945,0.87052812495694,0.059634055607097995,-0.2462937655715656,0.0030786116791607786,-0.4608475216521236,0.07994805326088034,0.155705018520979,0.21427528760477166,-0.1690554270539706,-0.2193510290403961,0.31051057145508604
Case382,0.15725719293970028,-0.39272547013960646,-0.3192294717290806,0.032686768615922956,0.01046625453863233,-0.3118087640603869,-0.09195262797118615,0.24872513283143405,0.3541566411561379,0.20833843926107867,-0.40998753312693964,-0.07388203039337732,-0.7354524511173902,0.5689252661723121,-0.6933808952976496
Case384,0.3810354716437286,-1.3326183784023986,-0.036959296683846336,-0.2016569973714283,0.8941456380028144,1.088953143038289,-0.021999261106115855,1.3705579870161,0.9794613493122725,-0.6278714554154163,-0.4850873918796354,-0.0863615998811242,-0.5751889205602564,1.0934161438289913,-0.6437878274018217
Case385,0.3183526150310612,-0.7570049632489907,-0.2812028267887752,-0.9294998350902414,-0.6033672351920307,0.549378869209775,-0.19236577554868153,1.242560970876551,0.12518107406250925,-0.7644426669427384,0.10078124480056265,-0.28310650180678437,0.1098078241312849,1.1685577430680285,-0.43638208427288117
Case386,-0.8169358418435749,-0.05100216697624574,0.8938076338785628,-0.9331369665819143,-0.07398228016983198,-1.0203486632206236,-0.47266505210125564,-1.17359579417455,-0.8929896381847767,-1.0168607946735306,1.6045746869150403,-0.5529995493509227,1.6012538907017329,-1.7744098792978178,1.1569794879033832
Case390,-0.2341100496889734,0.8608804069590189,-0.47823806336201446,0.9452761247083675,1.083994262776034,0.317863139143055,0.031172297269797093,0.26416978202442004,-0.16646400265068623,1.3601655066763412,-0.5406128452527624,0.33148497211620154,-0.8801947654582032,0.3027503658371906,-0.48489630886294305
Case391,0.09447218544525574,1.6321433133289502,-1.050678614594364,0.4942718197409421,1.1402889345109644,-0.0930136785028273,-0.04448339756828924,-0.5490613907942081,-0.27423343991519256,0.9105303168098243,-0.4364653033585061,0.05637708860011369,-0.7662510290797605,0.4316559786130653,-0.37230561477521507
Case392,3.075905515117617,-0.3811852731906824,-1.5981789631092826,0.5650305596698489,-0.11173762326092261,1.7056854550924592,1.733145147064585,2.5395103027118124,2.8824039805302655,0.051639597430115224,-0.6053816740275252,0.5041387347738324,-1.2276593917243872,2.096945323328729,-1.2044288007066326
Case393,-0.38652678210006913,-0.6746170633806793,0.433391032875933,0.3699480523892177,-0.19566934330547966,0.17157572728770987,-0.07726979774583412,0.8991894726522051,0.06971934927457954,0.09267084553884748,-0.32419140900152327,0.21476443012533222,-0.9401404360010567,0.5787077717435309,-0.43448554855515176
Case395,-0.2607963769098076,0.07736071465520242,-0.11286442037000072,-0.3257360074725588,0.2531134785033007,-0.34869863313695215,-0.3238683198872696,-0.7910648947504928,-0.7224537572595903,-0.49975619978009383,-0.21139961878902763,-0.3866544849534808,0.28363487792639724,-1.079990043030802,0.27228068582259146
Case396,-0.9736004756488571,-0.7365438955767504,1.7866867185114164,-0.2350010961681392,0.0890266655901547,0.5695325192287559,-0.38137398915907983,-0.6159077664588835,-0.7410461289955007,-0.837995900638199,0.07431192476113586,-0.14494086608961287,1.5117124901969012,-0.9091361651864348,2.8047778189759924
Case398,-0.28507303518086063,-0.7119418846482978,0.3130218657201516,0.07236456670689881,-0.7932224957873507,-0.29018366839481413,-0.20346470595728308,0.22922124939061425,-0.042277166599023856,-0.39078621090948545,-0.5105054075062627,-0.1421797768472995,-0.5051337358696163,-0.44695318790305955,-0.31667611088680414
Case399,-0.9650429168866526,-0.7944178580196619,1.7971936363657264,-0.5208185147531901,-1.0667916193839952,0.11051663364373976,-0.3904716666758308,0.48097937647736577,-0.458050557770442,-0.5877499935771301,-0.45494234394252825,-0.07936936871148527,-0.10685781379936785,-0.07226082176462618,0.5968006470367963
Case400,-0.421294173421795,1.1733707465305787,-0.38252320068896073,-0.8974269483000358,0.31280482245471164,-1.122113819293907,-0.4439002936626917,-2.2123388022666948,-0.9315615680548238,-0.4356992437168163,0.7768029862807524,-0.5303362506813608,1.4080525159608175,-1.6128412531571243,0.2963599372916526
Case401,3.1155172697376536,1.4134843597440003,-2.112440924764513,1.1403586319889987,2.385410183365774,0.8559464018805416,1.4208766035969815,0.0892264413505367,2.1264129985710447,1.7536147737145351,-0.3561115939490767,0.3011619156508012,-1.3139827063375795,1.143203624625125,-1.4655773054337349
Case402,-0.7128438850430883,0.08729381162729738,0.5844846081886103,0.6891904155448809,1.0403766181392131,0.3948686911271584,-0.21283694634789577,-0.4690668360635777,-0.8099344607958637,-0.12640724638227513,-0.5545518717260584,0.14618990147877498,-0.4013250207066021,-0.9212149437730065,1.632329215833264
Case403,0.20881521057991131,-0.2822276185604913,-0.4132010178453421,-0.3806236281650755,-0.03792849127674312,-0.2749188949838216,-0.23745508261054724,-0.2746999828566329,0.10039855498480015,-0.2305256768901187,-0.16756935020627914,-0.3353343975285809,0.1906071449926137,-0.0739434003397728,-0.666702914551329
Case405,-0.008861797797349299,-0.7713192729310243,0.022974212974682138,-0.550576863321422,-0.5341289491729712,0.19701701630603077,-0.045037274437801825,0.9278005412189636,0.19856182602583464,0.43705229190970984,0.732539659839584,0.09358488885276227,-0.8318996007822947,1.2709672376877867,-0.28684393233813754
Case407,0.37800707780830634,-0.10595123337372443,-0.6202151636897457,-0.526108887831987,-0.4156213720038448,-0.7226855817062692,-0.2429517245311933,-0.5662012555366599,-0.24831600856068173,-0.29404073616968374,0.06054846417076173,-0.39659893357002174,-0.05043074687556006,-0.33932387031620415,-0.5700264330080317
Case408,-0.5342201362846914,-0.3174832586306084,0.4693538358049896,-0.3568169493104898,-0.27993241983259326,0.04182515329427338,-0.21350662295670397,0.31379985773147967,-0.33466384835337365,0.09913634584936515,-0.13549568188095495,0.0640718745647562,0.4953462794769841,0.4209064662363109,-0.01616789385767427
Case409,-0.5365170786548021,1.1820832784731499,-0.22882477749912442,-0.9774438411168372,-1.1597385498116777,-0.6183762967311535,-0.3828744307269292,-0.412019300240894,-0.828465379226075,-0.6306041342623151,0.30688968540881345,-0.4215281041995331,1.251278914087888,-0.41437294065538044,0.8353787197868534
Case410,2.037807368704218,-1.1686497161338198,-0.9999646943808234,0.2079303768510663,-0.22846944130413552,-0.07138858283725455,0.5411202930624651,0.5422963878724185,2.048681974796072,1.0303126157629876,-0.4789493725493182,0.10489962035067117,-0.9396246194352971,1.053086724092401,-1.31919647310535
Case412,0.09370901777933867,0.006627209491356514,-0.44246941582432864,-0.757562710029346,-0.12399298154982982,-0.6921560348842841,-0.3181917891318514,-0.49182065995106994,-0.3550253266323769,-0.2055053682839322,1.1622992358164599,-0.4163565261089204,1.1938220831684714,0.3018010369262916,-0.28614682003242803
Case413,0.837292661347255,1.3431413087318045,-1.4050755745512478,0.6014018745865768,0.23619592387605182,0.06217818450893008,0.35776836758708946,0.4948626834369468,0.8307865869588023,1.6974946394389532,-0.5163589959763573,0.3239679723217598,-1.0047748151000087,1.33354581401749,-1.179595257939353
Case416,2.277050763971125,-0.20872693670038214,-1.4453792105405872,0.31373783842700187,1.01663046247632,0.5099448712313777,0.6757104602318073,0.06663062443204638,1.76932562622029,1.788801991891674,-0.48198534965110107,0.21788845180439817,-1.0795415454093864,1.1977253155991012,-1.3186359201966424
Case419,0.5070978663919476,2.9673389877987537,-1.6808696856869025,0.4724490307909053,1.2540180565535572,-0.05357968052442993,0.09107844855470508,-0.6174104544504285,-0.1259372225562677,2.2013745089855794,-0.2896310261892225,0.14417437674503045,-1.1322822920437365,0.5638359308310263,-0.9486255100287083
Case421,1.9864399937195472,0.6580816213589341,-1.6351447451258447,-1.1907120058558325,4.751683292884016,0.376378103885193,-0.22749615792692193,-0.36306709196301473,0.22900863526779058,-0.9347781170984711,2.817274785672497,-0.5137254367357902,1.1748057223662653,1.2101416933800084,-0.960282201355436
Case422,-0.8427950965248189,0.28840150268203485,0.7709225876350667,1.0440351102501366,0.39916657958136,0.7701311203361023,-0.13896997619669685,-0.2553969167993774,-0.8157450243153158,0.3382763316892432,-0.16451946318592772,0.5809485697117925,-1.1160102410351804,0.15727426241065456,2.2602644277151036
Case423,0.598611427560921,-0.06248600484974893,-0.7859084219412217,-0.5955450344911947,1.1363062805167696,-0.8511640912487896,-0.3168441885658495,-1.370049440754229,1.0942012213832695,0.09522502631348832,0.4993126124347691,-0.4097517438905389,-0.3149837062263414,-0.14961974927556493,-1.4052441785057672
Case425,0.1454819194371147,0.8299334257932908,-0.8135827672093722,0.9935507790523882,1.619797010441448,-0.13753593428488883,0.07614561140535007,-0.9278973236692585,-0.14158194722812759,1.641213960496041,-0.3763306164625931,0.035009941142686934,-0.9135745941195732,-0.6780277688718339,-0.8656999405340899
Case427,-0.702315118656836,0.1510221016887263,0.5297013431898432,-0.009636216014451134,1.0559265895948464,0.12705347150564833,-0.3139689370011763,-0.2962432663904255,-0.5964395811375726,-0.1701876832786037,2.521395825699124,-0.11133362087525847,-0.9030167803691214,0.4241871442240011,0.7854211685249688
Case428,-0.8694685517925174,0.1175076120740552,0.9330170441823419,-0.48841497964555997,-0.4127966227251332,-0.8091859643685602,-0.45045512871448384,-1.2857058868972784,-0.9030945389740459,-1.0110626277005934,0.07737513358296312,-0.5378352547618389,0.8753043541732612,-1.2185278672249746,1.81798300075997
Case429,-0.4966844746838147,0.9941734649061984,-0.20878626115992718,-0.24935624614743024,0.5184691836535742,-0.6120159744765733,-0.3424423054010068,-0.8251667152413326,-0.8910048020262334,0.02026801426005008,0.5230535109472291,-0.30591603969384146,-0.09366506690908878,-1.290701288044651,1.0341905180336153
Case430,-0.9418763037117577,-0.15437075358497468,1.3004802678849035,0.09550994892663472,0.2993526073774945,-0.3525148264897003,-0.3603346146724781,-0.3311753997585409,-0.7206886333004885,-0.4763156223957096,-0.4798753099246995,-0.09480756066783308,0.22437250343369952,-1.0163185541973005,0.9547480724053619
Case431,-1.278622279367688,2.222865333945921,1.4678602488248815,-0.2625821788444222,-1.588202065880169,-0.11209464526656795,-0.45597784270827646,-1.1339460784946962,-1.0391977751701138,-0.6757083194972354,-0.2641598040205475,-0.3217173713374459,0.8889165377135746,-0.8453105598262057,4.9903784838268095
Case432,-0.6063330861108849,-0.30581202155962073,0.5894710890449046,-0.6120774503624345,-0.5239795932217582,-0.37413992215527303,-0.3748187010342861,0.4442810568467192,-0.18096650682448415,-0.4900949962177329,-0.36297913070481935,-0.24076846150837927,-0.1592996703210981,-0.40282960062739953,-0.2013659044772694
Case433,2.678101434896445,1.3813002917540493,-2.012462983505347,1.1770605952231514,1.5051796442241923,0.63460718742115,1.697346460332788,0.14306724417869968,1.4169525430630796,3.988597646351325,-0.4746438964097667,0.687783437735424,-1.1887640996404278,1.3437660621428393,-1.3572457498202462
Case434,3.022804228655369,1.4665874975141444,-2.1065894159988003,0.7072093361625124,2.5819780766589853,0.05581786225434986,0.7489409825133057,-0.6368143868232686,0.6274107653843917,0.47894418880048867,-0.379226038865605,-0.08719365065262788,-0.6317781553398204,0.09515096635467198,-1.1128399151669779
Case435,0.9622266697044035,0.48491814965759733,-1.1890630260311381,1.2812148152119631,3.976747976273272,0.23772307873534418,0.6147365995733605,-0.49532591900300116,0.48859072206256954,2.7667362900991854,-0.5126985339358185,0.5800949464865617,-1.0970552703800098,0.4125475801644693,-1.2161285029810123
Case436,0.5651602359762374,0.8916914935797136,-1.1176336952490744,-0.6219968998851786,0.11332899583670238,-0.6221924900839017,-0.25445757171039923,-1.4548894215610202,-0.7422292856989636,-0.2899302206082468,0.03562862014439989,-0.41635500638527195,0.45719173843532135,-1.2352092367821232,-0.14970292179986552
Case437,0.3588910267890367,0.39612065197855517,-0.8080133229440025,0.8743318390866869,0.7729660533015884,0.6958920600826533,0.39688953804850824,0.3770140909425398,-0.2412777942516064,0.4036494454545827,-0.06911915844061722,0.4458022014186352,-0.9290827914149005,0.2828338198810013,0.11081943824649823
Case438,0.7530660807181246,0.4711887840858467,-1.0773573344220222,-0.6418357989306664,-0.021816305765502163,-0.8244507377795527,-0.30616756141184276,-1.64494667506784,-0.29969972157091895,-0.32183782634411784,0.6951447393277609,-0.5103201827062597,0.7257393620382735,-0.35162194021851845,-0.6789148999835547
Case439,-0.5555142209794783,0.8741126239314935,-0.07115526283433427,0.9402278046031542,0.8206651660823311,0.13154079065879432,-0.0851595790396861,-1.0756726066024884,-1.0055360749627746,-0.1607708552679337,-0.5247823856853319,0.1521754370925448,0.2945062534263148,-1.18870153802299,3.6322839075571305
Case440,-0.2734936153721018,-1.2918320539170878,0.6325375896699176,-0.2887033959209816,-1.048632308127746,-0.2520217348673328,-0.25934230789737184,0.12977221810275494,-0.2345986344732106,0.04869479879779779,-0.4015180512630176,-0.20322263272911578,-0.47118077854577534,-0.09326461770653369,-0.11737699517264953
Case441,3.499335318770674,0.97965715904596,-2.0797025705665715,1.084148418026783,1.5158906232131673,0.6244306718138216,1.4125157090124274,0.0635325496409492,2.1111539763439082,1.3944165288091814,-0.5601476379676107,0.34245944411807167,-1.3316153037980738,0.7107978371283835,-1.407994172660193
Case443,0.8659576755390223,-0.6953904322802932,-0.6791648632329462,-0.6815135970216424,-0.41338097600796253,-0.5573172030871834,-0.25852894721439884,-0.3839147960007959,0.7218508783869204,-0.6066591560944778,0.00678597641576349,-0.431710512627675,-0.5515269208145711,-0.07335471600478795,-1.025902573553457
Case444,-0.08757529050611712,0.1040205898558919,-0.3145983501721443,-0.8104664408173139,-1.0512888764965118,-0.431382822446495,-0.2869741845154782,0.9362293787356099,0.337061173754827,-0.8569776812244232,0.3344229515467681,-0.32379161908245113,1.6230690815057438,-0.09676854232293017,-0.5409882986770475
Case445,2.083055681601401,1.250697117630719,-1.8301645566035283,0.10212291527513069,-0.5113196275054341,0.46542261544931607,0.6304353027104135,0.5413849067848332,1.638829339785962,1.3774327088688736,-0.3937824049690371,0.07964085308567388,-0.6413203631593435,1.6811476019772447,-1.2859711314333022
Case447,2.0554332871811853,0.9318448987118907,-1.734982306612431,-0.04699947588345324,0.07464928248020125,-0.315624957413135,0.15789993267163233,-0.08024581770333418,0.9004426634348233,-0.4188910160837432,-0.17153676484424246,-0.35193044356732883,-0.1403399852328837,0.3694539523017492,-1.1010833410901886
Case448,-0.14886716299617017,-0.7462080949158486,0.16290324024591754,-0.8931285201735135,-1.4744080139697056,-0.04467522936801762,-0.1994004566444935,1.3459948757525917,0.08574165643942208,-0.4811177398973097,-0.17714030478039045,-0.11178723379261185,-0.11875151375718344,1.133659862154692,-0.19311427225727876
Case449,-0.41977975317030886,0.5484685794965303,-0.12419836146428002,-0.20703326151705614,-0.5358505284864448,-0.24947760596550073,-0.23016675426924266,0.6413337436684423,-0.06861329620109877,0.1903663822072832,-0.48998952742338275,0.024896338084051454,-0.4394125407930923,0.6001287212340052,-0.31873454605077656
Case452,0.7113702124263781,-0.5602476455672649,-0.6469943674717478,0.48490414363413503,1.2632668522224835,2.4774406840984993,0.45513828074795015,1.9005031638277827,1.953433516841483,-0.01049434651916319,-0.5950436160202891,0.433133509917507,-1.0852787271157505,1.3347780957665594,-0.9687360678281326
Case454,-0.22764580525593037,-0.4107420815717063,0.08280480541087563,0.03202547198107321,-0.8118895678941739,-0.113366709717484,-0.0891368655751361,0.5747369730797437,-0.17558397947790116,0.35143122586287623,-0.3001241577053876,0.07036709287717381,0.11694725759924256,0.28945734835407366,-0.65664189762171
Case457,-0.29423852370545184,0.7584432176870125,-0.36988477532266134,0.4195453000029375,-0.5665514070684988,0.4488857775874075,-0.029400860228647397,0.8317161921253715,-0.2001781799966806,-0.3141203737894353,-0.5519331794847766,0.04401937395910325,-0.5135891342639717,0.4934384724042471,0.14979138141619613
Case458,0.23684900689260197,0.9229507968451282,-0.915763352304247,0.4592230980939133,0.04703607060739101,-0.13880799873580488,-0.02916326323125036,-0.05030490235409543,0.05202520560860393,-0.2712365963609905,-0.39028465075397994,-0.20862664574682285,-0.5908081132604606,0.25534255598399624,-0.7570261340570009
Case459,-0.625705018748987,0.26048449526446815,0.3291150027996685,-0.5393348205289789,-0.4107949072501308,-0.5000743027959614,-0.3919650778606744,-0.5031417405609659,-0.7166805485860546,-0.7628764572447121,0.07607905638649913,-0.4437691872417241,0.9099806190575167,-0.5944083354650331,0.8831294288804666
Case460,-0.6317346762168499,-0.40878672043293335,0.694589467119712,0.3170443216012499,-0.4453593353052808,-0.1451683209903851,-0.2554850073401637,0.35919022572449527,-0.29765058251877724,-0.20881289869734743,-0.48809339552524017,-0.04484828295874321,-0.19476403758479188,-0.33833081814133353,0.04279903509374262
Case461,-0.5305799592821948,-0.40491669183989687,0.5106750031374552,-0.8719670278583265,-1.0424351797261835,-0.487353658286801,-0.3969103322302989,0.6235948751104795,-0.15967342044905752,-0.9911456425899613,-0.18470538468027534,-0.4137891752934779,0.28055977589907377,0.14236513639704335,-0.3815023961539752
Case462,-0.1623418855572327,0.18051217638825892,-0.2706078569589593,0.24760817494204215,-0.5663102081549296,0.36620158827786464,0.04077192755132804,1.17454785495846,0.3452312842320569,0.2958767302081275,-0.4884170263897103,0.20462331911395018,-0.6470639801524409,1.1490413694625414,-0.6762819955514556
Case465,0.1845903092060591,0.8919151955186746,-0.8661108908618742,-0.4782242749937564,1.041528229566559,0.30840883688548376,-0.23535062635373658,-0.7410929928320382,-0.10199495931258423,-0.3152925629422699,-0.3415121178878567,-0.2562196653690477,-0.14816675918493552,-0.10589418064409607,-0.3782643162620381
Case466,0.03757488845943041,-0.5418340281186956,-0.13866878292441467,-0.4831246065667631,-0.7010326834110356,-0.47717714267947264,-0.30858810023701627,-0.7871583595004207,-0.6003414410684607,-0.7342670610872828,-0.038936249565860975,-0.4809099672601533,0.411711959047607,-1.1401604028671606,-0.014617163385899674
Case467,0.012749146298238076,0.5259047406574182,-0.5866196605215396,0.5881759418895849,0.2628197367683917,0.025288315432364806,-0.03337157364246675,0.5380141878941755,0.29654547527976677,-0.528871426676764,-0.3558211700327625,-0.1555217094266935,-0.7740103664981294,-0.2287589350029288,-0.6977528592005344
Case468,-0.40346160690111327,0.04208456376913917,0.08691907164651129,-0.5889320681426987,-0.7414965031543811,-0.547140687479855,-0.3265204030970318,-0.08958140546903458,-0.5973103473856479,-0.6496907512505811,0.2960624116353378,-0.35883722533340495,-0.2890931987414667,-0.8969715043887672,0.4019183822338206
Case469,-0.38209161426897603,-0.34213340210883836,0.24900183864363964,0.43806160577872627,-0.6763542646611859,0.07871502237083866,-0.08060781960770798,0.2597171645355792,0.06851319946951474,0.3849930494386983,-0.5471190552187521,0.11990067227078684,-0.8767647843446422,0.43546114543955117,-0.5587163231969093
Case470,0.2427886485004415,0.5466366064467494,-0.7818660311923368,0.06575160035840283,0.4036979472407108,-0.1222711608738963,-0.08605083448341087,-0.14204141793531486,-0.06430357854106912,0.4126803282566677,-0.4374452543507393,-0.09135136685666555,-0.4671785151232681,0.03966170635438173,-0.5211691209228784
Case471,0.07113981892342454,-0.43652355849150654,-0.22124272877337492,-0.6183597683935054,-0.47668786860055323,0.05200166890160173,-0.260187059606484,0.6814539631992473,0.42055475997299624,-0.39485676417248844,-0.13485883776213603,-0.24916009699897673,-0.4326505490709165,0.1746382510065273,-0.7370628368856601
Case472,1.7031755534497564,0.4634699491537163,-1.483588541919238,0.47429889753407617,0.11149846882090997,0.5542956964526712,0.7955053615521294,1.0977340051976199,0.6905530017959924,0.49756597906943134,-0.47227784313745175,0.29208952520586,-1.2919835571180227,0.9741108489842465,-0.7899335858989013
Case473,2.125939878161182,0.6112414172854548,-1.6625818592893007,0.4658360644424093,2.1336701564737437,0.13341379376022855,0.6601618465292157,-0.18618698030995526,0.8846882908001704,1.9763532991328288,-0.42049320329535056,0.2132065550954889,-0.8977175852304535,1.1043593688576856,-1.2471805881653681
Case475,-0.6278372620417515,-0.4518156746494187,0.7115425552528836,-0.9261933519159934,-0.7208482587297447,-0.835899317837797,-0.4448906845339454,-0.5997933074050706,0.5816053618538407,-0.22181330463961868,0.2932836532967847,-0.44708992897806066,0.5055455471709882,0.04828232051212721,-0.9513452922517925
Case476,1.2548362426682926,0.9316218452780571,-1.4629455963269204,-0.28804209928613184,0.887214085567152,-0.6565382302586349,-0.13068913667298102,-1.7542003458578683,-0.2647054882651677,0.7310076994264156,0.5880647527505922,-0.38604416156790095,-0.14776144025317275,-0.6458499197632207,-0.8677600678749804
Case478,0.6314195151110861,-0.40138493957782734,-0.665915170337795,-1.2647772289589874,-1.1301976432830214,1.1103592920637504,-0.14017656225898137,1.6757705062485673,0.7599397592766167,-0.8497843620214646,0.28246176469579215,-0.2945250349672322,2.3419137080865506,1.3354876278908518,-0.5452828787048366
Case479,0.33462865792278934,-0.5452086442149173,-0.3942310180400305,0.6062756679187745,0.48745288432224726,0.36124764880306304,0.15005583251499494,0.7090430260388968,0.04989306206844605,-0.041151192753405647,-0.5239082942462561,0.08038080800190608,-0.26639105094009263,0.39579607296355307,-0.4304910458394669
Case480,4.913760556677343,-0.5060559486988578,-1.906182708377034,0.9783409564508474,3.5387792918040373,0.053273733352517776,1.6224867370183018,-0.3358433739432062,3.1389490371543123,2.0982378950778875,-0.4596605818761326,0.26793554938116887,-1.23143261643588,1.2896388781945278,-1.5616623247140773
Case481,-0.6897650929072954,-0.9605516573483038,1.1481509765187903,-0.9427257677872334,-1.3608061232287165,-0.45682411146481594,-0.36664818848279035,0.09783011694266355,-0.6041770822220012,-0.8391503388349485,1.5559903971107782,-0.36147547340837033,0.4006518355379436,-0.25388325543482376,0.6775459771736612
Case482,-0.23614738748517378,0.16844530657582735,-0.1832530375360774,0.8560010790036718,1.8547551063211336,1.327882313170394,0.03462822172843176,0.8738797931882196,0.4344823497103589,0.7451185969937271,-0.2871599168821591,0.38827317777170123,-0.7177896115691353,0.9440013905494664,-0.6700461287170553
Case484,-0.9071653847672716,-1.1906101128405537,1.8891402495030218,-0.48444719983646223,-0.6752541951640832,-0.3817723088607693,-0.39670766963450976,0.26297361494449417,-0.4965142698533488,-0.7182716182156794,1.7721525637421545,-0.28118332618640635,-0.39217350129536843,-0.4365639981945128,0.3524297742385243
Case485,-0.831330156582759,-0.6001560526123012,1.2597322396008794,-0.4203014262560513,-1.2133550125537116,-0.142624192088553,-0.34510797513881314,0.21890407375741686,-0.4582559214742725,-0.8539865896257047,-0.2804916413118283,-0.23469420952872327,0.34697314685927605,0.20527160295522504,0.8433838513324357
Case486,-0.2985211412719861,-0.31580701344801415,0.12326859485803265,-0.49744968660019456,-1.463567359442379,0.12701496174199756,-0.21897766649561917,0.7390194104821884,-0.32726421794574895,-0.7734044171925369,-0.23820837908441533,-0.18662694965687004,-0.23081938912687372,0.24069710379093745,0.6752695875222322
Case487,2.3800815753572224,-0.20178351007965922,-1.4778237244921826,0.5772645474145667,1.1106028168731792,0.08507534462541888,0.7784430305303801,0.16004159604661225,1.956965403405741,1.1285142431060518,-0.4878291276514866,0.16893911392862632,-1.0695815942694635,1.1473464214640403,-1.412887638005982
Case488,-0.5624795689360527,0.9082664171650656,-0.07515400937638204,-0.6848200801958904,-0.8212309892814431,-0.5573172030871834,-0.3905114848125457,-0.7032339418297645,-0.7706434769044218,-0.6998958354471768,-0.029076527597086524,-0.45536909543083914,1.0457023384796067,-0.6381587239393491,0.6072575115628959
Case489,-0.34200737886885973,-1.5021112837848403,0.8656330369274069,0.04842715422192532,-0.433648210650878,0.2519727782552676,-0.12286481316092755,-0.2634185918872297,-0.6311136705685241,-0.6641204277840295,-0.5000520675263832,-0.03153759861684343,-0.2554896611975148,-0.6104147045296976,1.6832491668661633
Case490,-0.7987730070021882,-0.9591912341313179,1.4090258055827625,-0.15247628914196434,-0.5685737138020763,0.14995063162213712,-0.3157483414071694,0.6238010679449046,-0.19231326488197942,-0.4722170548659038,-0.491348695532749,-0.03858578032040882,0.1868728148675689,0.34245043081901805,-0.027049594185226417
